,0,1,2,3,4,5,6,7,8,9,10,11,12,13,14,15,16,17,18,19,20,21,22,23,24,25,26,27,28,29,30,31,32,33,34,35,36,37,38,39,40,41,42,43,44,45,46,47,48,49,50,51,52,53,54,55,56,57,58,59,60,61,62,63,64,65,66,67,68,69,70,71,72,73,74,75,76,77,78,79,80,81,82,83,84,85,86,87,88,89,90,91,92,93,94,95,96,97,98,99
tired,-0.09297499805688858,0.408270001411438,0.6106500029563904,-0.5504999756813049,-1.0448999404907227,0.7231199741363525,-0.2791700065135956,0.38611000776290894,0.39809998869895935,-0.6895999908447266,0.0703120008111,0.20587000250816345,0.20858000218868256,-0.5723599791526794,0.056453999131917953,-0.3658199906349182,-0.7884699702262878,0.0250840000808239,0.4881399869918823,-0.012989000417292118,0.1419299989938736,1.2647000551223755,0.22655999660491943,-0.41640999913215637,0.21649999916553497,0.4467799961566925,-0.006694199983030558,-0.5228099822998047,0.7604399919509888,0.4376800060272217,0.010065999813377857,0.20595000684261322,0.10735999792814255,-0.6827099919319153,0.3043400049209595,0.28738999366760254,-0.5968400239944458,-0.09802500158548355,0.7963600158691406,0.12841999530792236,-0.25777000188827515,-0.32273000478744507,0.5138199925422668,-0.4110499918460846,-0.2973099946975708,-0.45058000087738037,0.08818800002336502,0.31213000416755676,0.5951799750328064,-0.8475300073623657,0.13075000047683716,-0.5747100114822388,0.13986000418663025,0.5204499959945679,-0.00887870043516159,-1.2431999444961548,0.18782000243663788,0.452890008687973,0.3533799946308136,0.2159299999475479,0.4164600074291229,0.6625499725341797,-0.9444599747657776,-0.2893199920654297,-0.09637700021266937,-0.04692300036549568,0.6661999821662903,0.07363100349903107,-0.43366000056266785,0.030319999903440475,0.1365099996328354,-0.5687199831008911,-0.08011200278997421,-0.005024599842727184,0.21318000555038452,0.5723599791526794,-0.2839600145816803,0.6457599997520447,-0.0998620018362999,-0.44137001037597656,-0.08017600327730179,0.03730599954724312,-0.862500011920929,0.4920800030231476,-1.655400037765503,-0.302839994430542,-0.926360011100769,0.3978799879550934,-1.3004000186920166,-0.27246999740600586,0.2389100044965744,-0.1064700037240982,-0.0068119000643491745,0.136680006980896,-0.22572000324726105,-0.34060001373291016,-0.30774998664855957,0.30636000633239746,-0.13613000512123108,0.4268200099468231
honestly,-0.39761000871658325,0.6198800206184387,0.6003699898719788,0.1005299985408783,-0.8504499793052673,0.4369199872016907,-0.3841699957847595,0.24034999310970306,0.9554399847984314,-0.05674700066447258,0.28626999258995056,0.46230998635292053,0.493010014295578,-0.4552200138568878,-0.6688100099563599,-0.5646499991416931,-0.293830007314682,0.8046299815177917,-1.090000033378601,0.13315999507904053,0.27518999576568604,0.26767998933792114,-0.9208700060844421,-0.6702799797058105,-0.5643500089645386,-0.14086000621318817,-0.3489699959754944,-0.15015999972820282,0.5187299847602844,-0.14168000221252441,-0.06617499887943268,0.8253200054168701,0.45388999581336975,-0.28981998562812805,0.3247799873352051,0.3856399953365326,-0.3511199951171875,-0.032520998269319534,0.264710009098053,-0.6506100296974182,-0.16641999781131744,0.5682500004768372,-0.14117999374866486,-0.2390100061893463,-1.4996999502182007,-0.3495500087738037,0.7150700092315674,-0.5830199718475342,-0.8236899971961975,-1.1576000452041626,0.1638299971818924,-0.1259700059890747,0.41947999596595764,0.49720001220703125,-0.14409999549388885,-0.1945900022983551,0.5181499719619751,0.16954000294208527,-0.2842000126838684,0.09952399879693985,0.11665000021457672,0.5129500031471252,-0.8731899857521057,-0.872409999370575,-0.02081199921667576,-0.023072000592947006,0.9504299759864807,0.34411001205444336,-0.3850899934768677,0.23789000511169434,0.36489999294281006,0.25262999534606934,0.4419099986553192,-0.2630999982357025,0.33972999453544617,-0.05664899945259094,-0.43740999698638916,-0.24755999445915222,-0.7246999740600586,-0.3257800042629242,0.0009372099884785712,0.1721400022506714,-0.3435800075531006,0.5129299759864807,-0.9423900246620178,-0.7212399840354919,-0.1181500032544136,0.1121399998664856,-0.9656699895858765,-0.12621000409126282,-0.3877899944782257,-0.0424560010433197,-0.20104999840259552,-0.35534000396728516,0.17791999876499176,0.7036299705505371,-0.38339999318122864,-0.13913999497890472,-0.2343199998140335,0.6899799704551697
ugh,0.08859699964523315,0.23191000521183014,0.7983899712562561,-0.40841999650001526,-0.9070900082588196,-0.004960699938237667,0.32569000124931335,0.0604499988257885,0.7276300191879272,-0.008685099892318249,0.949679970741272,0.035996999591588974,-0.3098599910736084,0.261819988489151,0.4356499910354614,-0.1555200070142746,-0.35464999079704285,0.8722800016403198,-0.2272299975156784,0.20371000468730927,0.32839998602867126,0.7459499835968018,-0.02318199910223484,0.27970999479293823,0.5294899940490723,0.8343200087547302,-0.20615999400615692,-0.20055000483989716,0.5773199796676636,-0.9103299975395203,0.24764999747276306,-0.06851200014352798,0.1431100070476532,0.0025377999991178513,-0.10452999919652939,0.14640000462532043,0.19068999588489532,-0.3657500147819519,0.4704200029373169,-0.5651599764823914,0.6330599784851074,0.7230899930000305,-0.7156299948692322,-0.19245000183582306,-0.5691199898719788,-0.8094599843025208,0.12502999603748322,0.14731000363826752,-0.6611499786376953,0.23726999759674072,-0.18713000416755676,0.46171998977661133,-0.23746000230312347,-0.3598800003528595,-1.236299991607666,0.9180399775505066,1.3543000221252441,0.4013899862766266,-0.02323099970817566,-0.5018699765205383,-0.366239994764328,0.03294600173830986,0.043435998260974884,-0.13662000000476837,0.4779199957847595,-0.03077699989080429,-0.22176000475883484,-0.4845600128173828,-0.3313499987125397,0.5996299982070923,0.20432999730110168,0.1964000016450882,-0.027953000739216805,0.01829499937593937,-0.572700023651123,-0.3307400047779083,0.42508000135421753,-0.08384600281715393,0.06566599756479263,-0.08502800017595291,-0.09330599755048752,-0.4699699878692627,0.284960001707077,-0.4027499854564667,-0.07636500149965286,-0.12473999708890915,0.4152800142765045,-0.25220999121665955,-0.6676599979400635,0.6925899982452393,0.3683199882507324,-0.32295000553131104,0.13196000456809998,0.403439998626709,0.37066999077796936,-0.6343500018119812,-0.1762399971485138,-0.26427000761032104,-0.48906999826431274,0.5853800177574158
oops,0.15937000513076782,0.053272999823093414,1.2146999835968018,-0.39677000045776367,-0.5060499906539917,0.03352300077676773,0.5848100185394287,0.15478000044822693,1.5069999694824219,-0.003208399983122945,1.0135999917984009,0.1915699988603592,-0.28470999002456665,-0.0311879999935627,-0.011614999733865261,0.26732999086380005,-0.8001899719238281,0.44822001457214355,-0.38701000809669495,0.4819500148296356,0.6153500080108643,0.7367600202560425,-0.1844400018453598,0.027807999402284622,0.7697399854660034,0.9317200183868408,-0.8313199877738953,-0.12286999821662903,0.3859499990940094,-0.37501999735832214,0.4050399959087372,0.07289499789476395,0.28227999806404114,0.174919992685318,-0.41488999128341675,0.06489100307226181,0.2599300146102905,0.5340099930763245,0.2532599866390228,-1.0793999433517456,0.2569600045681,0.6591399908065796,-0.3619700074195862,-0.005134399980306625,-0.707539975643158,-0.661870002746582,-0.029002999886870384,-0.1143999993801117,-0.22768999636173248,-0.25773000717163086,-0.3103800117969513,0.3802100121974945,0.06294599920511246,0.036531999707221985,-1.0555000305175781,0.21648000180721283,0.8011199831962585,0.6297000050544739,-0.19856999814510345,-0.057399000972509384,-0.5706499814987183,0.4262000024318695,-0.1707099974155426,0.09993000328540802,0.2722800076007843,-0.1510699987411499,-0.09163600206375122,-0.4326399862766266,-0.7444499731063843,0.23836000263690948,0.02889999933540821,-0.12665000557899475,-0.1399099975824356,0.04777200147509575,-0.18871000409126282,-0.48982998728752136,0.002119299955666065,0.34703999757766724,0.3157700002193451,-0.5347099900245667,0.3738600015640259,-0.7785400152206421,0.5042999982833862,0.032538000494241714,-0.3735100030899048,-0.2285899966955185,0.45653998851776123,-0.7937999963760376,-0.2621900141239166,0.185479998588562,0.008331499993801117,0.2429399937391281,0.047867000102996826,0.10063999891281128,0.4929099977016449,-0.799560010433197,0.26780998706817627,0.05809200182557106,-0.38877999782562256,0.7356100082397461
empathy,0.6388999819755554,0.8105700016021729,0.3525199890136719,0.018353000283241272,-0.07524999976158142,0.04110100120306015,-0.4743199944496155,-0.5454199910163879,0.03914799913764,-0.025028999894857407,-0.6268399953842163,-0.0360260009765625,-0.056922998279333115,-0.7930399775505066,0.8734999895095825,0.07053499668836594,-0.40814000368118286,0.43946999311447144,-0.5435799956321716,0.5559499859809875,-0.4461599886417389,-0.1907700002193451,-0.5163999795913696,-0.77947998046875,0.6789799928665161,0.5563300251960754,0.1799200028181076,0.21449999511241913,0.22702999413013458,-0.291949987411499,0.22971999645233154,0.7188699841499329,-0.5270100235939026,0.20598000288009644,0.013407000340521336,0.20816999673843384,0.3425999879837036,0.7902100086212158,0.05069899931550026,0.2888999879360199,0.06686200201511383,-0.13583999872207642,-0.13761000335216522,-0.47293999791145325,-0.7714700102806091,-0.0514179989695549,0.46090999245643616,0.09988400340080261,-0.08308500051498413,-0.029178999364376068,-0.3529599905014038,-0.1562899947166443,0.446260005235672,0.9769600033760071,0.1996999979019165,-0.10858000069856644,0.9440000057220459,-0.5827299952507019,-0.13134999573230743,-0.559149980545044,0.33698999881744385,0.46393001079559326,0.09520699828863144,-0.12724000215530396,-0.10550999641418457,0.37755998969078064,0.4076400101184845,-0.6089699864387512,0.3559899926185608,-0.10486999899148941,0.11632999777793884,0.14673000574111938,0.17443999648094177,-0.4219599962234497,0.8140000104904175,1.0849000215530396,-0.031029999256134033,-0.1134599968791008,-0.11507000029087067,-0.04442699998617172,-0.5982000231742859,0.6016200184822083,-0.046163998544216156,0.1658799946308136,-1.1713000535964966,0.46024999022483826,-0.0656059980392456,0.8152099847793579,-0.764549970626831,-0.5424200296401978,-0.1568399965763092,-0.25290000438690186,-0.16601000726222992,0.07826200127601624,0.6936200261116028,0.07252500206232071,-0.2315099984407425,-0.9751499891281128,-0.0851380005478859,0.7283099889755249
ouch,-0.4019100069999695,0.4484800100326538,0.7437800168991089,-1.6612000465393066,-1.0185999870300293,-0.12762999534606934,-0.3232499957084656,0.3514699935913086,1.0875999927520752,-0.03716599941253662,0.560920000076294,0.3068599998950958,-0.20954999327659607,0.39188000559806824,0.28501999378204346,0.23643000423908234,-0.6200399994850159,-0.34894999861717224,-0.49706000089645386,-0.29392001032829285,0.3467099964618683,0.4553000032901764,-1.19760000705719,0.8838000297546387,0.6330599784851074,0.5805500149726868,-0.12211000174283981,-0.46132999658584595,0.579230010509491,-0.3579699993133545,0.5593199729919434,-0.13555000722408295,-0.17056000232696533,0.1913899928331375,-0.17377999424934387,0.22447000443935394,-0.024457000195980072,0.1473200023174286,-0.24221999943256378,-0.31053000688552856,0.22634999454021454,1.5161000490188599,-0.48721998929977417,-0.49248000979423523,-0.5517200231552124,-0.3295400142669678,0.06657099723815918,-0.5259000062942505,-0.7284600138664246,-0.1942099928855896,-0.02814299985766411,0.260699987411499,-0.42107999324798584,-0.5267900228500366,-0.715969979763031,0.29038000106811523,0.25,0.5357000231742859,-0.2797200083732605,-0.6415600180625916,-0.7676399946212769,0.19752000272274017,-0.11546000093221664,0.19995999336242676,-0.0661809965968132,-0.37790998816490173,-0.6420699954032898,-0.14881999790668488,0.11027000099420547,0.6128299832344055,0.5644299983978271,0.4015200138092041,-0.08918300271034241,0.265859991312027,-0.12977999448776245,0.6406099796295166,0.33449000120162964,0.0057067000307142735,-0.07609199732542038,-0.5933099985122681,0.30632999539375305,-0.1344899982213974,-0.27955999970436096,-0.5118899941444397,0.31512001156806946,0.28176000714302063,0.11387000232934952,-0.2966499924659729,-0.09836400300264359,0.3522700071334839,0.5276700258255005,-0.2597399950027466,-0.16590000689029694,0.29469001293182373,0.6022800207138062,-0.43355000019073486,0.6991999745368958,-0.4166499972343445,0.18783000111579895,0.7173900008201599
feel,-0.04289500042796135,0.7067099809646606,0.7531599998474121,-0.5996299982070923,-0.8016899824142456,0.6009399890899658,-0.6741899847984314,0.2359199970960617,0.24005000293254852,-0.36371999979019165,-0.2272000014781952,0.0360260009765625,0.4659099876880646,-0.36232998967170715,-0.31325000524520874,-0.36757001280784607,-0.5725499987602234,0.30660998821258545,-0.4860599935054779,0.6321399807929993,0.2893100082874298,0.6074100136756897,-0.00867880042642355,-0.6820600032806396,-0.18410000205039978,0.2484699934720993,0.09590200334787369,-0.6910799741744995,0.9086899757385254,-0.3922399878501892,0.14345000684261322,0.7811200022697449,-0.11601000279188156,0.060311999171972275,0.46299999952316284,-0.04419099912047386,0.14283999800682068,0.6223400235176086,0.2394299954175949,-0.46814998984336853,-0.2255299985408783,-0.3192000091075897,0.31396999955177307,-0.4230799973011017,-0.408270001411438,-0.2465900033712387,0.515720009803772,0.3549399971961975,0.3154500126838684,-1.4042999744415283,-0.16485999524593353,-0.055507998913526535,0.10260000079870224,0.615149974822998,0.126910001039505,-2.2379000186920166,0.6951000094413757,0.12609000504016876,1.0901000499725342,0.2595300078392029,0.2297399938106537,1.1124999523162842,-1.0155999660491943,-0.41881000995635986,0.3885299861431122,-0.04885600134730339,0.9177500009536743,0.0019731998909264803,-0.6916199922561646,-0.5894500017166138,0.35721999406814575,-0.5217999815940857,-0.12020000070333481,-0.13826000690460205,0.21568000316619873,0.5788000226020813,0.037060000002384186,-0.05726400017738342,-0.027096999809145927,-0.25525999069213867,-0.39219000935554504,0.03794800117611885,-0.850409984588623,0.4635399878025055,-1.6461999416351318,-0.2717599868774414,-0.18171000480651855,-0.038026001304388046,-0.9762300252914429,-0.5140399932861328,0.06944499909877777,-0.4601300060749054,0.2507300078868866,-0.5078200101852417,-0.15645000338554382,0.1207600012421608,-0.055867999792099,-0.5422999858856201,0.11808999627828598,0.3997400104999542
flawed,-0.14593000710010529,0.27869001030921936,0.9210000038146973,-0.31527000665664673,-0.2044299989938736,-0.2542099952697754,0.41492000222206116,0.24661000072956085,0.1843000054359436,0.3977000117301941,-0.3551099896430969,0.5864099860191345,0.628030002117157,-0.8415300250053406,-0.2894800007343292,0.6913099884986877,-0.020959999412298203,0.483460009098053,0.7780299782752991,0.6486200094223022,0.096670001745224,-0.7395300269126892,1.2077000141143799,-0.19989000260829926,0.09491799771785736,-0.3756299912929535,-0.6373000144958496,-0.16071000695228577,-0.34279000759124756,0.60139000415802,1.2726000547409058,0.3330700099468231,-0.5728200078010559,-0.49740999937057495,-0.21619999408721924,-0.5122299790382385,-0.4431299865245819,-0.22753000259399414,0.0031528999097645283,-0.17587000131607056,-0.46588999032974243,0.2975800037384033,0.25211000442504883,0.13041000068187714,-0.8863400220870972,-0.6947500109672546,0.3824799954891205,0.11879000067710876,-1.11899995803833,-0.35572001338005066,0.42197999358177185,0.07110600173473358,0.17757999897003174,0.5444999933242798,-0.46880000829696655,-0.8023899793624878,0.7706199884414673,0.3795500099658966,0.7449600100517273,-0.5230500102043152,-0.8931900262832642,0.09346699714660645,0.11106999963521957,0.07201600074768066,0.42767998576164246,-0.5994300246238708,-0.47804999351501465,0.2812100052833557,-0.4674600064754486,-0.20302000641822815,0.36188000440597534,0.2885499894618988,0.007772599812597036,0.49344000220298767,-0.27720001339912415,-0.30897000432014465,0.06246199831366539,0.9182000160217285,-1.067199945449829,-0.227510005235672,0.42789000272750854,0.70728999376297,-0.42730000615119934,0.04877600073814392,-1.4169000387191772,0.23492999374866486,0.4008699953556061,0.19423000514507294,-1.232800006866455,-0.7152699828147888,-0.03087799996137619,0.0062939999625086784,-0.5346999764442444,0.5545600056648254,0.6235600113868713,0.09703599661588669,-0.12897999584674835,-0.4606199860572815,-0.17993000149726868,0.2596299946308136
felt,0.0450109988451004,0.10642000287771225,0.34136998653411865,-0.3777399957180023,-0.7999699711799622,0.2920700013637543,-0.3606399893760681,0.2538500130176544,-0.015575000084936619,-0.2828499972820282,-0.06313499808311462,0.21257999539375305,0.3809700012207031,-0.37455999851226807,-0.19168999791145325,-0.48732998967170715,-0.618149995803833,0.2121499925851822,-0.6821500062942505,0.11248999834060669,0.49869000911712646,0.6632300019264221,-0.1071000024676323,-0.5253099799156189,0.2103399932384491,0.2966099977493286,0.20804999768733978,-0.19460000097751617,0.6308199763298035,0.03728799894452095,0.37674999237060547,0.8306199908256531,0.1391499936580658,0.3119800090789795,0.01512600015848875,-0.06712000072002411,0.31679001450538635,0.7556599974632263,-0.1275700032711029,0.04048600047826767,-0.7747700214385986,-0.06626900285482407,0.6117500066757202,-0.2725600004196167,-0.19072000682353973,-0.26728999614715576,0.8489300012588501,0.3283500075340271,0.5085700154304504,-1.2825000286102295,-0.19137999415397644,-0.05719799920916557,0.3136399984359741,0.4777100086212158,-0.16395999491214752,-2.295599937438965,0.39419999718666077,-0.10812000185251236,0.6879000067710876,0.6963599920272827,0.5117899775505066,1.17739999294281,-0.897130012512207,0.17749999463558197,0.18127000331878662,-0.40029001235961914,0.5976799726486206,0.051375001668930054,-0.4128299951553345,-0.19280999898910522,0.17348000407218933,0.057659998536109924,0.08454199880361557,0.13072000443935394,0.2931399941444397,0.6355699896812439,0.10681000351905823,0.02742999978363514,-0.3156299889087677,0.32951000332832336,-0.4839699864387512,0.053227998316287994,-0.9085299968719482,0.01563199982047081,-1.7259000539779663,-0.5308399796485901,-0.13540999591350555,-0.07726100087165833,-1.0389000177383423,-0.5716400146484375,0.14684000611305237,-0.8463600277900696,0.013890000060200691,-0.18435999751091003,-0.1050100028514862,0.5182399749755859,-0.3334999978542328,-0.003823499893769622,-0.1549600064754486,0.054356999695301056
breathe,-0.6117799878120422,0.16535000503063202,0.4923500120639801,-0.23673999309539795,-0.03097599931061268,0.3006899952888489,-0.26941001415252686,-0.04842500016093254,0.7141500115394592,-0.972540020942688,0.07034199684858322,0.053373999893665314,-0.4061200022697449,0.0013410999672487378,-0.5053499937057495,-0.5665199756622314,0.10863000154495239,0.47021999955177307,-0.12345000356435776,-0.30577999353408813,-0.04121499881148338,0.4835300147533417,-0.5108699798583984,-0.08115299791097641,0.0650700032711029,0.6578800082206726,-1.1371999979019165,-0.5622299909591675,0.8680800199508667,0.37834998965263367,-0.3630799949169159,0.6450899839401245,-0.5676299929618835,0.2708199918270111,0.12981000542640686,0.5628600120544434,0.18885000050067902,0.41005998849868774,0.3955700099468231,-0.3248400092124939,-0.16408999264240265,-0.03512699902057648,-0.9149399995803833,-0.24878999590873718,-0.3365199863910675,0.3147599995136261,0.023260999470949173,0.37828001379966736,0.01811099983751774,-0.5493199825286865,-0.6488999724388123,0.37821999192237854,0.20211000740528107,0.5013800263404846,0.20996999740600586,-0.9948800206184387,0.4759399890899658,-0.2893100082874298,0.4246799945831299,0.16359999775886536,0.4282799959182739,1.142699956893921,-0.5929800271987915,-0.24041999876499176,-0.04913099855184555,0.8480200171470642,0.8186399936676025,-0.7514200210571289,-0.44811999797821045,-1.4140000343322754,0.48555999994277954,-0.43647998571395874,0.26958999037742615,0.04676099866628647,0.6503000259399414,0.3804599940776825,-0.9387999773025513,-0.23767000436782837,0.03200099989771843,-0.8181999921798706,-0.12233000248670578,-0.0340769998729229,-0.4641300141811371,0.9859399795532227,-0.7293999791145325,0.020424000918865204,1.1021000146865845,0.8152999877929688,-0.8051599860191345,1.003999948501587,1.0140999555587769,-0.22554999589920044,-0.07548599690198898,0.1532299965620041,0.18432000279426575,0.2024500072002411,0.4025000035762787,0.021074000746011734,0.07917000353336334,0.012601000256836414
ache,-0.09303499758243561,0.03210299834609032,0.4384100139141083,-0.6274600028991699,-0.4945699870586395,0.7727299928665161,-0.0751120001077652,0.42289999127388,0.5772299766540527,-0.5698400139808655,-0.008303799666464329,0.2836500108242035,0.7409600019454956,0.4684000015258789,0.1977500021457672,0.21428999304771423,-0.43191999197006226,-0.31053000688552856,0.5972099900245667,0.14877000451087952,0.007023300044238567,0.2229900062084198,-0.9890599846839905,0.44488000869750977,0.3767099976539612,0.5045899748802185,0.31926000118255615,-0.25473999977111816,1.0003999471664429,-0.8542799949645996,-0.11416000127792358,-0.4665600061416626,0.32361000776290894,-0.31106001138687134,-0.822350025177002,0.03665599972009659,0.2457900047302246,0.5036100149154663,0.9334400296211243,-0.5189999938011169,0.19126999378204346,0.6911500096321106,-0.14475999772548676,-0.9439499974250793,-0.3873000144958496,0.7492700219154358,0.4108999967575073,0.1656399965286255,0.18671999871730804,-0.0865669995546341,-0.1049799993634224,-0.35512998700141907,0.14045999944210052,-0.001450299983844161,0.053004998713731766,-0.06738399714231491,0.6438900232315063,-0.38982999324798584,-0.1950799971818924,-0.16958999633789062,0.6126300096511841,0.22717000544071198,-0.3062100112438202,0.7212700247764587,-0.8803300261497498,0.4399000108242035,0.8970900177955627,-0.09920000284910202,0.06831499934196472,-1.1094000339508057,0.6540600061416626,-0.547569990158081,0.2933900058269501,-0.19485999643802643,0.008433899842202663,0.31022998690605164,-1.2856999635696411,-0.0710889995098114,-0.29666000604629517,-0.11111000180244446,-0.9025599956512451,-0.10802999883890152,-0.4240100085735321,0.9539700150489807,-0.44565001130104065,0.08159899711608887,0.16655999422073364,-0.02949099987745285,-0.9617499709129333,0.45085999369621277,-0.17333999276161194,0.05875200033187866,-0.22202999889850616,0.7044199705123901,-0.09704600274562836,0.23135000467300415,0.13655999302864075,-0.6934300065040588,0.555649995803833,-0.1076200008392334
flesh,-0.4125699996948242,0.42691001296043396,0.028519000858068466,-0.7565100193023682,0.015867000445723534,0.5731199979782104,-0.008051699958741665,-0.4439699947834015,0.8266100287437439,-0.0495229996740818,-0.12943999469280243,0.2936199903488159,1.2984000444412231,0.5613200068473816,0.3416300117969513,0.4791800081729889,0.06544499844312668,0.009473900310695171,0.6115700006484985,0.036981001496315,0.014800000004470348,-0.3808700144290924,-0.027695000171661377,-0.41686001420021057,0.8380799889564514,1.652899980545044,-0.06192199885845184,0.17833000421524048,0.03813700005412102,0.05998799949884415,0.30527999997138977,-0.391510009765625,-0.5269700288772583,-0.3643999993801117,-0.06142599880695343,0.3438799977302551,-0.23161999881267548,0.22285999357700348,-0.1926800012588501,0.08805699646472931,-0.003564300015568733,-0.8790000081062317,-0.47843998670578003,-0.2770400047302246,-0.2901900112628937,0.17634999752044678,-0.686959981918335,0.5774800181388855,-0.4126400053501129,-0.28720998764038086,0.43285998702049255,-0.26190999150276184,-0.17675000429153442,0.9347400069236755,-0.5808600187301636,-0.8299099802970886,0.10902000218629837,0.05286100134253502,0.37116000056266785,0.14935000240802765,0.5923100113868713,1.5901999473571777,-0.5840399861335754,0.08788099884986877,0.34540000557899475,-0.19243000447750092,0.2946999967098236,-0.34762001037597656,-0.015296000055968761,-1.1973999738693237,0.4758400022983551,0.1113400012254715,0.3170500099658966,0.01100900024175644,0.09616699814796448,-0.024574000388383865,-0.9131500124931335,-0.2718600034713745,0.07934899628162384,0.3742600083351135,-0.23904000222682953,0.5561299920082092,-0.24973000586032867,0.8232899904251099,-0.5268800258636475,-0.7395899891853333,-0.015668999403715134,0.33831000328063965,-0.42135998606681824,0.6133900284767151,0.5372099876403809,-0.7907299995422363,-0.060694001615047455,0.5532299876213074,-0.3174299895763397,-0.7932000160217285,-0.18820999562740326,-0.5385299921035767,0.48311999440193176,0.17231999337673187
touch,-0.31036001443862915,-0.1800599992275238,0.8006399869918823,-0.08167000114917755,0.059810999780893326,0.6021100282669067,-0.27524998784065247,-0.3468700051307678,-0.008277899585664272,0.08317700028419495,-0.02764200046658516,-0.21901999413967133,0.3343200087547302,0.01525299996137619,0.12150999903678894,0.16405999660491943,-0.5035499930381775,0.14975999295711517,0.06444700062274933,0.13186000287532806,0.13232000172138214,-0.13268999755382538,0.3175700008869171,-0.785290002822876,0.33375000953674316,0.39100998640060425,0.13922999799251556,-0.26221999526023865,0.3729099929332733,-0.5117200016975403,0.1540900021791458,0.7332199811935425,-0.12199000269174576,0.18955999612808228,0.41058000922203064,0.1175599992275238,-0.5598000288009644,0.34459999203681946,0.14284999668598175,-0.20889000594615936,-0.10087999701499939,-0.8642600178718567,0.035399001091718674,-0.7339800000190735,-0.5947700142860413,0.2202800065279007,-0.15178999304771423,0.019082000479102135,0.2971700131893158,-0.7633399963378906,0.3177799880504608,0.32717999815940857,0.026413999497890472,0.629580020904541,0.22434000670909882,-1.8738000392913818,-0.120899997651577,0.2429099977016449,1.0836999416351318,-0.21445000171661377,0.6098399758338928,1.003000020980835,-0.8185499906539917,0.02058899961411953,-0.09232000261545181,-0.06427499651908875,0.5562499761581421,-0.1395999938249588,-0.14529000222682953,-0.512969970703125,0.018038999289274216,0.3932400047779083,0.34709998965263367,-0.37397998571395874,0.07578399777412415,0.32521000504493713,-0.10239999741315842,0.013279999606311321,0.2877100110054016,0.04489399865269661,-0.013616000302135944,-0.13433000445365906,0.045705001801252365,0.16342000663280487,-1.5476000308990479,0.16800999641418457,0.48888999223709106,0.8463199734687805,0.12036000192165375,-0.33583998680114746,-0.10802000015974045,0.30612999200820923,0.09795799851417542,-0.18397000432014465,-0.4562000036239624,-0.04474499821662903,-0.3483799993991852,-0.5340999960899353,0.1604200005531311,0.1542699933052063
fumble,-0.3430800139904022,-0.6489800214767456,0.20934000611305237,-1.4598000049591064,-0.7190099954605103,0.21723000705242157,0.8250300288200378,-0.3237900137901306,0.14928999543190002,-0.4923500120639801,0.48618999123573303,0.5891799926757812,-0.7025200128555298,0.583109974861145,0.1877399981021881,0.4580000042915344,0.39868998527526855,0.41988998651504517,-0.12276999652385712,0.6480500102043152,0.6329799890518188,0.11010000109672546,-0.6134600043296814,0.5738700032234192,0.9850900173187256,-0.030623000115156174,-0.9771299958229065,0.6554399728775024,0.28101998567581177,0.42100000381469727,-0.4377000033855438,-0.058494001626968384,0.0984330028295517,-0.12814000248908997,-0.5813500285148621,-0.7828699946403503,-0.47725000977516174,0.5938500165939331,-0.6471199989318848,0.27112001180648804,-0.01488799974322319,-0.48370999097824097,0.2418700009584427,0.05639300122857094,-0.15649999678134918,0.1487099975347519,0.5961300134658813,-0.016635999083518982,0.10567999631166458,-0.5801799893379211,0.055851999670267105,0.8192499876022339,-0.36653000116348267,0.43226000666618347,0.8911200165748596,-0.2077299952507019,-0.07509300112724304,-0.8089799880981445,0.6413699984550476,0.6240299940109253,-0.6208400130271912,-0.7450699806213379,-0.3934600055217743,-0.21526999771595,-0.02843800000846386,-0.4198800027370453,0.5878499746322632,-0.40031999349594116,-0.6009299755096436,0.2500300109386444,-0.8353999853134155,0.5981400012969971,0.7565100193023682,0.2954699993133545,0.13920000195503235,-0.5270799994468689,-0.8919000029563904,1.0723999738693237,0.9460999965667725,0.40511998534202576,1.031499981880188,1.385200023651123,-0.48451998829841614,-0.10279999673366547,-0.7962599992752075,-0.4600200057029724,1.8708000183105469,-0.7595999836921692,-0.22741000354290009,-0.15320999920368195,0.3721199929714203,0.16857999563217163,-1.375100016593933,0.34577998518943787,-0.8284599781036377,-0.6765300035476685,0.6644099950790405,0.5081200003623962,-0.39566999673843384,-0.676069974899292
hope,0.034876998513936996,0.4607900083065033,0.06839200109243393,-0.028982000425457954,0.165010005235672,-0.385919988155365,-0.5113199949264526,-0.11774999648332596,0.14619000256061554,-0.801360011100769,-0.5307499766349792,0.41659000515937805,0.08840599656105042,-0.3316200077533722,-0.2745400071144104,-0.6310099959373474,0.07792499661445618,0.3077999949455261,-0.6432499885559082,0.428849995136261,-0.17574000358581543,0.07926200330257416,-0.3752000033855438,-0.4148299992084503,-0.05375000089406967,0.5253400206565857,0.028463000431656837,-0.4158799946308136,0.5656099915504456,-0.5353400111198425,-0.4445500075817108,0.3228600025177002,-0.029864000156521797,0.33715999126434326,-0.01744299940764904,-0.2184700071811676,0.06299299746751785,0.15676000714302063,0.11410000175237656,-0.2786700129508972,-0.8487600088119507,-0.30133000016212463,0.30842000246047974,-0.6635500192642212,-0.13711999356746674,-0.4460900127887726,0.2620199918746948,-0.053339000791311264,0.021726999431848526,-0.9516299962997437,-0.11113999783992767,-0.3292100131511688,0.07235900312662125,0.9884200096130371,0.4082300066947937,-2.634200096130371,-0.013318000361323357,-0.2432200014591217,0.8614100217819214,-0.073294997215271,-0.4345700144767761,0.6957700252532959,-0.49948999285697937,-0.20629000663757324,0.16112999618053436,0.5026199817657471,-0.011521999724209309,0.8967900276184082,-0.4537299871444702,-0.8709999918937683,0.8053799867630005,-0.123539999127388,-0.5441300272941589,-0.9133700132369995,0.46919000148773193,0.6883000135421753,0.19900000095367432,-0.17652000486850739,-0.9768000245094299,-0.1880200058221817,0.31801000237464905,0.4031200110912323,-0.3568899929523468,0.18910999596118927,-1.252500057220459,0.22171999514102936,-0.06593900173902512,0.29565000534057617,-0.13967999815940857,0.008126400411128998,-0.08112599700689316,-0.06586699932813644,-0.055674001574516296,0.19955000281333923,-0.8569300174713135,-0.02789600007236004,0.12184999883174896,-0.27913999557495117,0.17268000543117523,0.5107399821281433
pain,0.07406499981880188,0.27331000566482544,0.11435999721288681,-0.021310999989509583,-0.7096999883651733,0.6967599987983704,-0.6383900046348572,-0.1044899970293045,-0.04619700089097023,-0.9403899908065796,-0.45072999596595764,-0.2912999987602234,0.1665399968624115,0.10863000154495239,0.5007500052452087,-0.3528499901294708,-1.1067999601364136,-0.24617999792099,-0.4846000075340271,-0.28999000787734985,0.2632400095462799,-0.10728000104427338,-1.3834999799728394,0.6726199984550476,0.09037700295448303,1.412600040435791,0.626990020275116,-0.9211999773979187,0.7147600054740906,-0.41830000281333923,0.36513999104499817,0.12508000433444977,-0.6049200296401978,0.14182999730110168,-0.7562299966812134,-0.4098599851131439,-0.07345899939537048,0.7339900135993958,0.20976999402046204,0.20305000245571136,0.22164000570774078,0.35019999742507935,0.13280999660491943,-1.0190000534057617,-0.30507001280784607,0.3754099905490875,0.7287399768829346,-0.02506200037896633,-0.21774999797344208,-0.6331499814987183,-0.2230599969625473,0.12251000106334686,0.03559400141239166,0.5943899750709534,0.4319399893283844,-1.7208000421524048,0.24542999267578125,-0.5287700295448303,0.6809599995613098,0.5910000205039978,0.9956600069999695,0.8797699809074402,-0.031954001635313034,-0.09578800201416016,-0.036024000495672226,0.12736999988555908,0.8531100153923035,-1.156999945640564,-0.155239999294281,-0.6662799715995789,-0.35569998621940613,0.10642000287771225,-0.09002099931240082,0.45238998532295227,1.1023000478744507,0.8673700094223022,-0.44808998703956604,0.2724500000476837,-0.3116999864578247,0.2142699956893921,0.2168000042438507,-0.007598899770528078,-0.49981001019477844,0.46884000301361084,-2.3638999462127686,0.13044999539852142,-0.0591449998319149,0.20187999308109283,-1.0252000093460083,-0.16550999879837036,-0.33375999331474304,-0.25940999388694763,0.20809000730514526,0.4359099864959717,0.47631001472473145,0.7978600263595581,0.7445799708366394,-0.3939400017261505,0.9843900203704834,-0.15101000666618347
no,-0.013767000287771225,0.33246999979019165,0.5989500284194946,-0.5156099796295166,-0.5620099902153015,0.12329000234603882,-0.13416999578475952,0.2601099908351898,0.6511600017547607,0.02456500008702278,0.3199000060558319,0.4911800026893616,0.30761998891830444,0.5333300232887268,0.6801499724388123,-0.25418999791145325,-0.0681380033493042,0.2639000117778778,-0.3596299886703491,0.47576001286506653,0.3639200031757355,0.23683999478816986,-0.2431199997663498,-0.5268399715423584,0.1530500054359436,0.0320889987051487,-0.11052999645471573,-0.7164300084114075,-0.02642500028014183,-0.418720006942749,0.1821800023317337,0.08409900218248367,-0.18880000710487366,0.22899000346660614,0.3049499988555908,0.45337000489234924,0.2786799967288971,0.054885998368263245,-0.046348001807928085,0.14313000440597534,-0.4834100008010864,0.27654001116752625,0.5384799838066101,-0.6687600016593933,0.13568000495433807,-0.4565899968147278,0.20601999759674072,-0.6705600023269653,-0.6592599749565125,-1.0910999774932861,0.24557000398635864,-0.14213000237941742,0.08641500025987625,0.8584200143814087,-0.01608099974691868,-2.7815001010894775,0.4060800075531006,-0.09448900073766708,1.7776000499725342,0.8503199815750122,-0.34224000573158264,0.39772000908851624,-0.8396599888801575,0.13605999946594238,1.1895999908447266,-0.17330999672412872,0.7184799909591675,0.04278299957513809,-0.24021999537944794,0.07142999768257141,-0.4163300096988678,-0.39236000180244446,0.2578999996185303,-0.6480399966239929,0.6484500169754028,0.4734399914741516,0.036003999412059784,-0.39083001017570496,-1.3795000314712524,-0.08408399671316147,0.8197199702262878,-0.7008900046348572,-0.22854000329971313,0.23513999581336975,-1.5968999862670898,-0.19315999746322632,0.4004000127315521,-0.05047300085425377,0.08127900213003159,-0.3257099986076355,0.11829999834299088,-0.5148500204086304,-0.06206100061535835,0.04130199924111366,-0.49173998832702637,-0.057085998356342316,-0.6048499941825867,-0.6742799878120422,0.5149499773979187,0.34286999702453613
alas,0.13322000205516815,0.010188000276684761,0.50177001953125,-0.5859100222587585,-0.4941999912261963,0.24470999836921692,-0.019084999337792397,0.3047800064086914,0.8947700262069702,-0.5161799788475037,0.9997900128364563,0.0724169984459877,0.27546998858451843,-0.12319999933242798,-0.03244100138545036,-0.6024399995803833,-0.16665999591350555,0.49856001138687134,0.7156999707221985,0.6847000122070312,0.05614500120282173,0.226500004529953,-0.028555000200867653,-0.19144000113010406,0.012986999936401844,0.09458599984645844,-0.39647001028060913,-0.478630006313324,-0.009530900046229362,-0.6913599967956543,-0.33913999795913696,-0.020975999534130096,-0.2606799900531769,0.0860700011253357,-0.028227999806404114,0.8809199929237366,0.3826099932193756,0.3656100034713745,0.578000009059906,-0.3687700033187866,0.2717899978160858,0.4325900077819824,-0.38370001316070557,-0.09196499735116959,-0.20566999912261963,-0.3440000116825104,0.5202100276947021,-0.15307000279426575,-0.31547999382019043,0.2110999971628189,-0.4720799922943115,0.7190200090408325,-0.24851000308990479,0.11580000072717667,-0.2189600020647049,-0.32128000259399414,0.27654001116752625,0.5479900240898132,0.20058999955654144,0.15591999888420105,-0.47951000928878784,0.31672999262809753,-0.10013999789953232,-0.6274899840354919,-0.11069999635219574,-0.05149700120091438,0.1294800043106079,-0.45087000727653503,-0.31551000475883484,0.03358900174498558,0.0958079993724823,-0.0033805998973548412,0.12477000057697296,0.039340000599622726,0.31299999356269836,-0.22184999287128448,-0.21150000393390656,-0.26750001311302185,-0.7126399874687195,0.36465001106262207,-0.4192500114440918,-0.76910001039505,0.0745370015501976,-0.22618000209331512,-0.3471199870109558,0.05130999907851219,-0.14839999377727509,-0.1315000057220459,-0.5934699773788452,-0.23162999749183655,0.15023000538349152,-0.19158999621868134,0.32491999864578247,0.34975001215934753,-0.31578001379966736,0.24726000428199768,-0.15143999457359314,-0.08223800361156464,-0.9677900075912476,0.37900999188423157
vulnerability,-0.298770010471344,0.4290600121021271,1.195199966430664,-0.07060699909925461,-0.4056299924850464,-0.3964200019836426,-0.6227399706840515,-0.7796900272369385,0.07968199998140335,0.5117800235748291,-0.3949199914932251,0.06907100230455399,-0.3352400064468384,-0.41721999645233154,0.28139999508857727,0.38095998764038086,-0.22357000410556793,0.26392000913619995,-0.2704800069332123,-0.40139999985694885,-0.518339991569519,-0.9209200143814087,-0.036646999418735504,0.2339400053024292,-0.01955600082874298,0.32394999265670776,0.37602001428604126,0.16527999937534332,-0.24365000426769257,-0.6355500221252441,0.4839099943637848,0.07143600285053253,-0.3253600001335144,0.5355799794197083,0.207069993019104,-0.5315499901771545,0.2843399941921234,0.02985600009560585,0.35245999693870544,0.21818000078201294,-0.34735000133514404,0.06299000233411789,-0.04382599890232086,0.6605899930000305,0.19832000136375427,0.42329999804496765,0.5975300073623657,0.34773001074790955,-0.2698099911212921,-0.2525399923324585,-0.1455100029706955,0.05818000063300133,-0.14451999962329865,0.967519998550415,0.3124200105667114,-1.0168999433517456,0.7165499925613403,-1.1311999559402466,0.018967000767588615,-0.3125700056552887,-0.09838700294494629,0.5083000063896179,0.04877699911594391,-0.00646140007302165,0.5620700120925903,0.430649995803833,0.39388999342918396,-1.0996999740600586,1.05239999294281,0.04384800046682358,0.13851000368595123,-0.06496100127696991,0.09100999683141708,-0.08734600245952606,0.37542998790740967,0.13465000689029694,0.17110000550746918,0.09750399738550186,-0.23103000223636627,0.4890500009059906,0.3948900103569031,-0.08171399682760239,-0.06036100164055824,0.4748300015926361,-0.931119978427887,-0.5339000225067139,0.024042999371886253,0.30643001198768616,-0.8731399774551392,-0.2870599925518036,-0.06758099794387817,0.6472700238227844,0.3436500132083893,0.0007651200285181403,0.30500999093055725,0.5996099710464478,0.27094000577926636,-0.8819100260734558,-0.017815999686717987,0.5334699749946594
imagine,-0.09845399856567383,0.5143799781799316,0.6949999928474426,0.23804999887943268,-0.34650999307632446,0.37229999899864197,-0.403329998254776,0.058834999799728394,0.5524399876594543,-0.272599995136261,0.4231700003147125,-0.044360000640153885,-0.07026900351047516,-0.5785700082778931,0.3601999878883362,-0.37042000889778137,-0.19128000736236572,0.615090012550354,-0.34512001276016235,0.43136000633239746,-0.19574999809265137,0.2487799972295761,-0.3706200122833252,-0.9057899713516235,0.13175000250339508,0.283160001039505,-0.22800999879837036,-0.3411099910736084,0.6603400111198425,-0.18307000398635864,-0.047074999660253525,0.2668200135231018,0.09297999739646912,-0.44269001483917236,-0.02697099931538105,-0.1046300008893013,-0.17817999422550201,0.1883700042963028,0.6929900050163269,-0.6728399991989136,-0.14500999450683594,0.40639999508857727,-0.2906700074672699,-0.31314998865127563,-0.5604199767112732,0.14207999408245087,0.6019999980926514,-0.41701000928878784,-0.43786001205444336,-0.857200026512146,0.17837999761104584,-0.16582000255584717,0.23588000237941742,0.46685001254081726,0.15624000132083893,-1.5891000032424927,0.193900004029274,0.5886399745941162,0.36230000853538513,0.04108300060033798,-0.20048999786376953,1.0578999519348145,-0.47196000814437866,-0.5169900059700012,0.5411999821662903,0.38130998611450195,0.8214799761772156,0.3484399914741516,-0.4005799889564514,-0.250900000333786,0.10558000206947327,0.005672399885952473,-0.16662999987602234,-0.08324400335550308,-0.11789000034332275,0.257750004529953,0.34703999757766724,-0.30998000502586365,-0.17138999700546265,0.14902999997138977,-0.16102999448776245,-0.04776500165462494,-0.243259996175766,0.21469999849796295,-0.9775599837303162,-0.17840999364852905,-0.24852000176906586,-0.1577499955892563,-0.4388999938964844,-0.40880000591278076,0.5007200241088867,-0.08546800166368484,0.2237199991941452,-0.7021899819374084,-0.24039000272750854,-0.03725900128483772,0.01613200083374977,0.06212899833917618,0.22468000650405884,0.12481000274419785
exist,-0.21966999769210815,0.500789999961853,0.04030099883675575,0.46428999304771423,0.17138999700546265,0.03496899828314781,0.012759000062942505,-0.2694700062274933,0.6987900137901306,-0.4608199894428253,0.06858400255441666,0.016141999512910843,1.2252999544143677,0.6623899936676025,0.06429599970579147,-0.37167999148368835,0.3464300036430359,0.9552500247955322,-0.795710027217865,0.221670001745224,-0.1491200029850006,0.05683699995279312,0.4398300051689148,-0.2579300105571747,-0.3082599937915802,-0.5163900256156921,0.7929099798202515,-0.6149799823760986,0.20769000053405762,0.10429000109434128,0.1730400025844574,-0.07645399868488312,-0.4780200123786926,-0.44369998574256897,0.42166000604629517,0.460099995136261,0.5609099864959717,-0.3209500014781952,-0.19339999556541443,-0.7545899748802185,0.10512000322341919,0.4101099967956543,-0.7802900075912476,0.09764000028371811,-0.16571000218391418,-0.3422600030899048,0.987559974193573,0.13672000169754028,-0.6345900297164917,-0.4605500102043152,0.4867199957370758,0.3082500100135803,0.15951000154018402,0.8766599893569946,0.6052700281143188,-1.2243000268936157,0.24666999280452728,-0.486270010471344,1.0163999795913696,0.47912999987602234,-0.8196200132369995,0.582360029220581,-0.14180000126361847,-0.1709499955177307,1.563599944114685,0.8519899845123291,0.5596500039100647,-0.02621000073850155,0.3245700001716614,-0.5802500247955322,0.2567099928855896,-0.2068299949169159,0.25453001260757446,-0.2525700032711029,0.4483700096607208,-0.6208900213241577,0.23845000565052032,-0.265500009059906,-0.5889099836349487,0.22808000445365906,-0.048951998353004456,-0.55035001039505,-0.3941900134086609,0.19915999472141266,-1.0148999691009521,0.6307399868965149,-0.08857999742031097,-0.3970099985599518,0.02411000058054924,0.3773599863052368,-0.6363700032234192,-0.3185200095176697,-0.07134400308132172,-0.04261700063943863,-0.3190400004386902,0.28064998984336853,-0.5966899991035461,-0.5468599796295166,0.22935999929904938,0.22732000052928925
ponder,-0.0652339980006218,0.302729994058609,0.19864000380039215,-0.10648000240325928,-0.7789300084114075,0.28418999910354614,-0.4094800055027008,-0.3566400110721588,0.4363499879837036,-0.8983399868011475,-0.20184999704360962,0.670490026473999,-0.3317599892616272,-0.10013999789953232,-0.2341800034046173,-0.24866999685764313,0.2562499940395355,0.5740100145339966,-0.4335399866104126,0.20569999516010284,-0.35569998621940613,-0.182559996843338,-0.03147700056433678,-0.22752000391483307,-0.2578200101852417,0.053846001625061035,0.046872999519109726,0.22939999401569366,0.07974900305271149,0.0512939989566803,-0.6336399912834167,-0.2814599871635437,-0.30671000480651855,0.004779899958521128,-0.7681699991226196,0.15581999719142914,-0.5071899890899658,0.5578100085258484,0.10824999958276749,-0.048277001827955246,-0.1837799996137619,0.08225200325250626,0.09846600145101547,-0.3140900135040283,-1.125100016593933,0.2797499895095825,0.5755500197410583,0.2600100040435791,0.01994200050830841,-0.264710009098053,0.4407300055027008,-0.03951999917626381,-0.10578999668359756,0.33994001150131226,-0.2353699952363968,-0.41214999556541443,0.4671599864959717,-0.5506799817085266,-0.4428200125694275,0.2636899948120117,-0.0696450024843216,0.7208600044250488,-0.07359199970960617,-0.05998999997973442,0.4709399938583374,-0.022394999861717224,0.05402199923992157,0.16071000695228577,-0.5345799922943115,-0.28332000970840454,-0.004253599792718887,0.16685999929904938,-0.5999900102615356,-0.4473699927330017,-0.7712000012397766,-0.07410900294780731,-0.496069997549057,-0.3380900025367737,0.15637999773025513,-0.6425399780273438,-0.15770000219345093,-0.12807999551296234,-0.3443399965763092,0.002329600043594837,-0.09927699714899063,-0.37953001260757446,-0.0066917999647557735,-0.0644410029053688,-0.5210700035095215,-0.3901599943637848,-0.13516999781131744,0.7473899722099304,-0.440420001745224,-0.39948999881744385,-0.755810022354126,0.23273999989032745,0.25049999356269836,-0.16514000296592712,0.32919999957084656,0.705560028553009
existential,0.1128000020980835,0.48664000630378723,0.7473400235176086,0.052473001182079315,-0.1780800074338913,0.3463500142097473,-0.5572400093078613,-0.9155700206756592,-0.024049999192357063,0.41098999977111816,-0.28933998942375183,-0.14199000597000122,-0.442440003156662,0.27768999338150024,0.3540700078010559,0.37536999583244324,-0.28718000650405884,0.9675300121307373,0.006087000016123056,-0.44451001286506653,0.24199999868869781,0.05279799923300743,-0.3799299895763397,0.03328099846839905,0.47398999333381653,0.37672001123428345,0.5261200070381165,-0.11366000026464462,-0.2553499937057495,-0.22597000002861023,-0.8266199827194214,-0.4288800060749054,-1.1960999965667725,-0.004927199799567461,-0.4906400144100189,0.3953000009059906,-0.05711200088262558,0.02035599946975708,0.3531700074672699,0.18975000083446503,0.04752599820494652,0.7702100276947021,0.3006199896335602,-0.3104099929332733,-0.15569999814033508,0.4269999861717224,0.9722700119018555,0.6524199843406677,-0.8825200200080872,1.0585999488830566,0.1004600003361702,0.5121300220489502,0.09531500190496445,0.5982199907302856,-0.19183999300003052,-0.356689989566803,0.835070013999939,-0.5616400241851807,-0.3229199945926666,0.1777700036764145,1.274399995803833,0.33333998918533325,-0.2761000096797943,-0.9165499806404114,1.1592999696731567,-0.09444499760866165,0.5450299978256226,-0.7458999752998352,-0.488209992647171,-0.2338400036096573,-0.3420200049877167,-0.19487999379634857,-0.05704899877309799,-0.1627500057220459,-0.30024001002311707,0.29490000009536743,0.3567900061607361,-0.5441300272941589,-0.23694999516010284,-0.5185999870300293,-0.13328999280929565,0.12915000319480896,0.030635999515652657,0.303629994392395,-0.6330100297927856,0.05860099941492081,-0.6433799862861633,0.42412999272346497,-0.36605000495910645,-0.7569500207901001,-0.10217999666929245,0.750760018825531,-0.5252599716186523,-0.18675999343395233,0.28248998522758484,0.3919300138950348,0.3553900122642517,-0.6698799729347229,-0.2632099986076355,0.5159500241279602
dream,0.7272199988365173,0.2702699899673462,0.6105999946594238,-0.1163799986243248,0.43942001461982727,0.07521200180053711,0.05232200026512146,0.16344000399112701,0.036782000213861465,0.02509699948132038,-0.013523000292479992,0.17239999771118164,-0.2899099886417389,-0.08764500170946121,-0.40244001150131226,-0.4500199854373932,0.4318700134754181,0.9508299827575684,0.15828000009059906,0.40435001254081726,-0.21897999942302704,0.03791699931025505,-0.36910998821258545,-0.2711299955844879,0.28575998544692993,0.43571001291275024,-0.32346001267433167,-0.7033100128173828,0.46584999561309814,-0.3578000068664551,-0.7442499995231628,0.2859799861907959,0.40432998538017273,-0.31000998616218567,0.11768999695777893,-0.4440400004386902,-0.29721999168395996,0.36208999156951904,0.4205099940299988,-0.7930099964141846,-0.23196999728679657,0.5003100037574768,0.37900999188423157,-0.12369000166654587,0.3357999920845032,-0.30344000458717346,-0.05409599840641022,0.04869300127029419,-0.018347999081015587,-0.7061399817466736,-0.4806700050830841,-0.2077299952507019,0.383899986743927,0.8562600016593933,0.9658399820327759,-2.2058000564575195,0.2518399953842163,1.0573999881744385,0.5719199776649475,0.3179599940776825,0.21558000147342682,1.0053999423980713,-0.6108400225639343,-0.7216799855232239,0.5239400267601013,0.0712750032544136,0.3802500069141388,0.3048099875450134,-0.6202800273895264,-0.7825199961662292,0.06632199883460999,-0.18522000312805176,-0.27083998918533325,-0.28080999851226807,-0.41769999265670776,0.1324400007724762,0.42379000782966614,-0.29919999837875366,-0.9514099955558777,-0.28812000155448914,-0.49428001046180725,0.6187000274658203,-0.019248999655246735,0.2787899971008301,-0.8672400116920471,0.4278700053691864,-0.4089199900627136,-0.5827699899673462,-0.24981999397277832,-0.07192499935626984,-0.005421199835836887,0.3654800057411194,0.7216799855232239,0.00430600019171834,-0.6165199875831604,-0.5698599815368652,-0.4110899865627289,0.18521000444889069,0.19709999859333038,0.26142001152038574
sonder,0.07025299966335297,-0.7527499794960022,-0.7303699851036072,-0.1353600025177002,0.12402000278234482,-0.16557000577449799,0.3407999873161316,-0.1373099982738495,0.12050999701023102,-0.11056999862194061,0.3109799921512604,0.3111799955368042,-0.7373200058937073,-0.10813000053167343,0.20898999273777008,-0.047554001212120056,0.11270000040531158,0.13037000596523285,0.001591400010511279,-0.16325999796390533,-0.5755000114440918,0.058451998978853226,-0.6393200159072876,-0.40911000967025757,-0.642549991607666,0.16787000000476837,0.20497000217437744,0.6053900122642517,0.4411599934101105,0.16391000151634216,-0.045159000903367996,-0.3246900141239166,-0.009768900461494923,0.44508999586105347,0.14620999991893768,-0.0806799978017807,0.42170000076293945,-0.2662599980831146,-0.002130199922248721,0.09340699762105942,0.2875500023365021,0.7230100035667419,-0.3355199992656708,0.11375000327825546,-0.21417999267578125,-0.25459998846054077,0.2910099923610687,0.2828899919986725,0.1685899943113327,0.17080000042915344,-0.2669900059700012,0.3621799945831299,-0.43794000148773193,-0.7950800061225891,0.038284000009298325,0.5708400011062622,0.3126299977302551,0.3713099956512451,-0.2896899878978729,0.08838199824094772,0.38089001178741455,-0.15057000517845154,0.15147000551223755,-0.04914600029587746,-0.35486000776290894,0.20905999839305878,-0.15591999888420105,-0.04178300127387047,-0.2936899960041046,-0.46015000343322754,0.2951200008392334,0.08077699691057205,0.27838999032974243,0.2265399992465973,-0.08955200016498566,-0.284280002117157,-0.2902199923992157,-0.2681100070476532,0.6493399739265442,-0.3677000105381012,-0.23622000217437744,-0.6044899821281433,0.41815999150276184,0.2917799949645996,0.339709997177124,0.09226900339126587,-0.23623999953269958,0.17089000344276428,0.09921400249004364,-0.3200399875640869,0.35752999782562256,0.2602899968624115,0.3289099931716919,0.2895599901676178,0.05421200022101402,0.24371999502182007,0.10180000215768814,-0.055497001856565475,-0.17816999554634094,0.07167399674654007
impossible,-0.6484100222587585,-0.25812000036239624,0.3958300054073334,0.4357599914073944,-0.3883399963378906,-0.3100000023841858,0.004987800028175116,0.03214100003242493,0.8758599758148193,-0.003590899985283613,0.3833700120449066,0.4759199917316437,0.3703700006008148,-0.6342800259590149,-0.10458999872207642,-0.3061800003051758,0.07252199947834015,0.6397500038146973,-0.3030399978160858,0.49928998947143555,0.28751999139785767,-0.1509000062942505,0.418720006942749,-0.7079700231552124,-0.06475500017404556,-0.1627500057220459,-0.36160001158714294,-0.5197499990463257,0.3743300139904022,-0.5549700260162354,-0.07932999730110168,-0.35642001032829285,-0.14424000680446625,-0.5192300081253052,0.2806600034236908,0.07659099996089935,-0.12591999769210815,-0.19644999504089355,0.15976999700069427,-0.6822699904441833,-0.3007499873638153,0.5283899903297424,-0.37296000123023987,-0.46136999130249023,-0.33726999163627625,-0.7149400115013123,0.5853899717330933,0.01979999989271164,-0.9043300151824951,-0.4459100067615509,0.386680006980896,-0.08941800147294998,0.5252199769020081,0.9908999800682068,0.5010499954223633,-1.8392000198364258,0.18684999644756317,0.3590199947357178,1.3149000406265259,0.2156199961900711,-0.4029799997806549,0.2658799886703491,-0.36125999689102173,-0.3358500003814697,0.6956599950790405,0.03913699835538864,0.2098200023174286,0.4163700044155121,-0.288239985704422,-0.8020600080490112,-0.06764700263738632,-0.6696500182151794,0.17482000589370728,0.33913999795913696,0.8431500196456909,-0.3076600134372711,-0.23406000435352325,-0.02484700083732605,-0.4867100119590759,-0.0682549998164177,0.4328399896621704,0.32008999586105347,-0.5436599850654602,-0.2321300059556961,-1.5770000219345093,0.1588899940252304,0.41328001022338867,0.3031800091266632,-0.5659000277519226,0.0002915899967774749,0.0034688999876379967,0.22030000388622284,-0.008476500399410725,-0.22686000168323517,-0.10312999784946442,-0.12037000060081482,-0.3975299894809723,-0.035902999341487885,-0.19372999668121338,0.08003400266170502
nope,0.2462799996137619,0.5731199979782104,0.9305099844932556,-0.8096799850463867,-0.923829972743988,0.08666100353002548,0.5786399841308594,0.44815000891685486,0.7814300060272217,0.05198099836707115,0.30559998750686646,0.2208700031042099,-0.1531199961900711,-0.05239199846982956,0.4231500029563904,-0.0034348999615758657,-0.8875100016593933,1.0194000005722046,-0.062609001994133,0.40455999970436096,-0.17994000017642975,0.9241899847984314,-0.2655799984931946,-0.21393999457359314,0.7520599961280823,0.674019992351532,-0.4282799959182739,-0.42844000458717346,-0.07909800112247467,-0.5021700263023376,0.09748200327157974,0.04328799992799759,-0.05484899878501892,0.19182999432086945,-0.2614699900150299,1.0189000368118286,0.17805999517440796,-0.1046999990940094,0.5882700085639954,-0.5196300148963928,0.007813099771738052,0.5960000157356262,-0.22269999980926514,-0.04909399896860123,-0.8252800107002258,-0.4278799891471863,0.6093299984931946,-0.21111999452114105,-0.624779999256134,0.06280999630689621,0.05531100183725357,0.3127700090408325,-0.21939000487327576,-0.2752099931240082,-0.832539975643158,0.18317000567913055,0.5769500136375427,0.22415000200271606,-0.16705000400543213,-0.4196699857711792,-0.9779800176620483,0.27445000410079956,-0.45605000853538513,-0.4086399972438812,0.6850500106811523,-0.1858299970626831,0.3283900022506714,-0.12713000178337097,-0.3975200057029724,0.19399000704288483,0.36098000407218933,0.038982998579740524,0.17614999413490295,-0.33090999722480774,0.10429000109434128,-0.3445799946784973,0.41620001196861267,0.3588300049304962,-0.20927999913692474,-0.2691900134086609,0.7653700113296509,-0.9408000111579895,0.02794099971652031,0.10860999673604965,0.25067999958992004,-0.3697899878025055,-0.11712999641895294,-0.4134800136089325,-0.4997600018978119,0.4973500072956085,0.28321999311447144,-0.15291999280452728,0.8443099856376648,-0.1457899957895279,-0.14345000684261322,-0.7196000218391418,0.4259999990463257,-0.35784000158309937,-1.0456000566482544,0.6244199872016907
sorrow,-0.20613999664783478,0.4431000053882599,0.30292001366615295,-0.03463900089263916,-0.3016200065612793,1.126099944114685,-0.8994399905204773,-0.424019992351532,0.18851999938488007,-0.46345001459121704,-0.5039700269699097,0.5249599814414978,-0.08130700141191483,0.21827000379562378,-0.1395300030708313,-0.32363998889923096,-0.77947998046875,0.11623000353574753,-1.0397000312805176,0.5050100088119507,-0.042830999940633774,0.3336699903011322,-1.0168999433517456,0.14568999409675598,0.20925000309944153,1.0023000240325928,0.6165199875831604,1.2237999439239502,1.4635000228881836,-0.43505001068115234,0.39430999755859375,0.20771999657154083,-0.37040001153945923,0.5124099850654602,-1.0694999694824219,0.15459999442100525,0.8059499859809875,0.5795599818229675,0.10064999759197235,-0.3192099928855896,-0.049456000328063965,-0.1032399982213974,0.19005000591278076,-0.1400900036096573,0.08766400068998337,0.7419899702072144,0.49048998951911926,0.40404000878334045,0.13232000172138214,-0.6417199969291687,-0.15073999762535095,-0.31940001249313354,0.7663000226020813,1.1589000225067139,-0.022633999586105347,-0.6237599849700928,0.46525999903678894,0.1836100071668625,0.003820700105279684,-0.1083500012755394,0.7346000075340271,0.4453499913215637,0.0428289994597435,-0.5880699753761292,-0.23190000653266907,0.19832000136375427,0.5149499773979187,-0.44617000222206116,-0.20155000686645508,-0.8825299739837646,-0.17674000561237335,-0.12543000280857086,0.02851100079715252,-0.17338000237941742,0.8033400177955627,1.8122999668121338,0.26427000761032104,-0.14187000691890717,-0.8899499773979187,0.643310010433197,-0.4658600091934204,0.3732599914073944,0.44822001457214355,0.7992900013923645,-0.6611599922180176,-0.18776999413967133,-0.581279993057251,-0.24532000720500946,-0.6096299886703491,-0.09727299958467484,-0.1839199960231781,0.22172999382019043,-0.4596500098705292,0.864300012588501,-0.06315500289201736,0.09070699661970139,0.18418000638484955,-0.8581799864768982,-0.33981001377105713,0.07519499957561493
ai,0.04510800167918205,0.008349199779331684,1.010200023651123,0.03876100108027458,-0.300029993057251,0.10823000222444534,0.2668600082397461,-0.17973999679088593,0.6793199777603149,-0.08441700041294098,1.062000036239624,0.7679799795150757,-0.11492999643087387,0.23954999446868896,0.07719200104475021,0.2139499932527542,-0.07877100259065628,0.43097999691963196,-0.11152999848127365,0.6688100099563599,0.36504000425338745,0.6717699766159058,0.08844699710607529,0.6220600008964539,-0.17986999452114105,0.8678900003433228,0.3088900148868561,-0.5903000235557556,0.60903000831604,-0.05801999941468239,-0.8839499950408936,0.7194799780845642,0.8916299939155579,0.4023599922657013,0.2229900062084198,0.09669099748134613,-0.42879998683929443,-0.06389900296926498,0.40101000666618347,-1.179800033569336,0.4765799939632416,0.4740400016307831,-0.294979989528656,-0.3704800009727478,0.164000004529953,-1.0602999925613403,-0.33258000016212463,0.06237199902534485,0.15286000072956085,-0.32600998878479004,-0.3131900131702423,0.05381099879741669,-0.13753999769687653,0.005930100101977587,0.11415000259876251,-0.6263399720191956,0.6887400150299072,0.9929100275039673,0.26392999291419983,0.9295899868011475,-0.1899300068616867,0.2262199968099594,-1.0052000284194946,0.6434800028800964,0.3932200074195862,0.7644400000572205,-0.014274000190198421,0.3955700099468231,-0.11598999798297882,0.39713001251220703,0.382999986410141,0.24650999903678894,0.01640399917960167,0.10253000259399414,-0.15760000050067902,0.6056100130081177,-0.11524000018835068,0.2443999946117401,-0.1456100046634674,0.06022600084543228,0.41370999813079834,-0.5333999991416931,-0.8109300136566162,-0.12200000137090683,-1.6253000497817993,0.8067799806594849,-0.5652599930763245,0.03483499959111214,-0.10209999978542328,0.1404300034046173,0.7914000153541565,-0.32815998792648315,0.634909987449646,0.7546399831771851,0.23996999859809875,-0.2932800054550171,-1.0097999572753906,-1.0907000303268433,-0.19686999917030334,-0.030288999900221825
inconsistent,0.1815900057554245,-0.29938000440597534,0.83228999376297,-0.09409400075674057,-0.6236699819564819,0.4438999891281128,0.19765999913215637,0.09868499636650085,-0.2350900024175644,-0.18002000451087952,-0.1302500069141388,-0.018269000574946404,0.605650007724762,-0.31648001074790955,0.08537299931049347,0.3386099934577942,-0.2632899880409241,0.14573000371456146,0.1089399978518486,0.2858400046825409,-0.09424000233411789,-0.0914049968123436,0.616349995136261,0.34584999084472656,0.08117999881505966,-0.42695000767707825,-0.22191999852657318,-0.22006000578403473,-0.7657700181007385,0.3829500079154968,-0.07412099838256836,0.36970001459121704,-0.37160998582839966,-0.3556399941444397,-0.33430999517440796,0.13774000108242035,-0.3945100009441376,-0.2182600051164627,-0.6840900182723999,-0.03401700034737587,-0.11440999805927277,0.5342400074005127,0.22714999318122864,0.6832500100135803,-0.277209997177124,-0.7548900246620178,0.5220400094985962,-0.03279700130224228,-0.2529999911785126,-0.9929699897766113,0.7825899720191956,0.24525000154972076,0.08490999788045883,0.29451999068260193,0.290800005197525,-0.4582200050354004,1.2796000242233276,-0.008768799714744091,0.5075899958610535,-0.0667629987001419,-0.7943500280380249,-0.3269299864768982,-0.38220998644828796,0.21491999924182892,0.31922000646591187,-0.8504800200462341,0.08482799679040909,-0.22955000400543213,-0.18900999426841736,-0.47576001286506653,-0.08218999952077866,-0.22516000270843506,0.6579399704933167,-0.28929001092910767,0.7470899820327759,-0.0737679973244667,-0.37163999676704407,0.05424100160598755,-0.4224900007247925,-0.4381299912929535,0.24206000566482544,0.5581899881362915,-0.659309983253479,-0.03407499939203262,-1.1448999643325806,-0.219760000705719,0.15775999426841736,0.3691299855709076,-0.7777799963951111,-0.4586400091648102,-0.5715399980545044,-0.13570000231266022,-1.038100004196167,0.21966999769210815,0.5740200281143188,0.1815200001001358,-0.9625800251960754,-0.46413999795913696,0.11817000061273575,0.5693600177764893
fathom,-0.17722000181674957,0.40369999408721924,0.2795799970626831,0.5523999929428101,-1.0180000066757202,-0.037758998572826385,-0.7405700087547302,0.001932400045916438,0.6442199945449829,0.2142000049352646,1.2086999416351318,1.0773999691009521,-0.21698999404907227,-0.5827400088310242,0.30910998582839966,-0.0658079981803894,0.3324500024318695,0.6520799994468689,-0.44633999466896057,0.18509000539779663,0.09924600273370743,0.26054999232292175,-0.16915999352931976,-0.8473299741744995,-0.1798200011253357,-0.014069999568164349,-0.029086999595165253,-0.39673998951911926,0.6959999799728394,0.07573200017213821,-0.29210999608039856,-0.3725999891757965,-0.4907599985599518,-0.3602299988269806,-0.40380001068115234,0.09842800348997116,-0.37727999687194824,0.4262399971485138,0.48120999336242676,-0.44418999552726746,0.11784999817609787,1.0331000089645386,-0.4647200107574463,-0.350629985332489,-1.0075000524520874,0.33643001317977905,1.1474000215530396,-0.6110299825668335,-0.24538999795913696,0.16245999932289124,-0.08158499747514725,-0.25819000601768494,0.5759000182151794,0.35001999139785767,-0.009580300189554691,-0.13590000569820404,0.5605499744415283,0.2038400024175644,-0.1951500028371811,-0.019005000591278076,-0.07976499944925308,0.22996999323368073,-0.18147000670433044,-0.09454700350761414,0.4230499863624573,0.3555000126361847,0.660260021686554,0.40525999665260315,-0.3103199899196625,-0.6179699897766113,0.029954999685287476,0.4440000057220459,-0.20824000239372253,-0.1780800074338913,-0.3023500144481659,0.0329740010201931,-0.16561999917030334,-0.5168499946594238,-0.2101300060749054,0.3012099862098694,-0.6382399797439575,-0.40681999921798706,-0.32179999351501465,0.3485099971294403,-0.26499998569488525,-0.43292999267578125,0.04565799981355667,0.15237000584602356,-0.32965001463890076,0.0831490010023117,0.25067999958992004,0.6899300217628479,-0.3978399932384491,-0.6422200202941895,0.08958999812602997,0.3580299913883209,-0.275519996881485,-0.28224000334739685,-0.07603000104427338,0.05092500150203705
struggle,0.14482000470161438,0.46632999181747437,-0.4321799874305725,0.20983000099658966,-0.13269999623298645,0.25060999393463135,-0.4886299967765808,-0.7758600115776062,-0.3558200001716614,-0.0019440000178292394,-0.13585999608039856,0.10234999656677246,0.32662999629974365,-0.13151000440120697,-0.43018999695777893,-0.30972999334335327,-0.03150700032711029,-0.20750999450683594,-0.41905999183654785,-0.25582000613212585,0.7162700295448303,-0.34637999534606934,0.27691999077796936,0.00982499960809946,0.34380000829696655,-0.18095999956130981,-0.3938800096511841,-0.3711499869823456,0.6558600068092346,-0.3283100128173828,-0.08172599971294403,0.14826999604701996,0.048590000718832016,-0.1474599987268448,0.01902499981224537,-0.5705999732017517,0.24360999464988708,0.0490030013024807,0.4949899911880493,-0.09201499819755554,-0.5923500061035156,0.18028999865055084,0.19327999651432037,-0.7752500176429749,-0.32886001467704773,-0.09840700030326843,0.7005599737167358,0.362529993057251,0.05753700062632561,-0.13975000381469727,-0.13510000705718994,0.1844400018453598,0.15768000483512878,1.840399980545044,1.3579000234603882,-1.6460000276565552,0.14114999771118164,-0.29078999161720276,0.9304199814796448,0.2538299858570099,-0.1564899981021881,0.06124800071120262,-0.4990299940109253,-0.9330300092697144,0.8917199969291687,0.6790199875831604,0.3422299921512604,-0.02689399942755699,-0.07905200123786926,-0.4837999939918518,0.70455002784729,-0.08675900101661682,-0.8392199873924255,-0.005249599926173687,-0.28703999519348145,-0.2808600068092346,-0.9633399844169617,0.09136900305747986,-1.0503000020980835,0.11257000267505646,0.16708000004291534,0.22564999759197235,0.06535299867391586,0.3540300130844116,-1.1699999570846558,0.0830330029129982,-0.9576799869537354,0.2781299948692322,-0.3894599974155426,-0.3325999975204468,0.16787999868392944,0.23864999413490295,-0.2772499918937683,0.6640999913215637,-0.38600999116897583,-0.3566100001335144,0.3688800036907196,-0.21456000208854675,0.3083600103855133,0.3264999985694885
incomplete,-0.337119996547699,0.1849299967288971,0.9981200098991394,-0.3579399883747101,-0.19584999978542328,0.1488499939441681,0.06164100021123886,0.052949000149965286,0.4578700065612793,-0.024796999990940094,0.6545699834823608,0.670520007610321,0.6801400184631348,-0.08297400176525116,0.35319000482559204,0.5066900253295898,0.6383600234985352,0.24577000737190247,0.8198500275611877,0.6503499746322632,-0.24564999341964722,-0.163100004196167,0.5719500184059143,0.11226999759674072,-0.010514999739825726,-0.7417100071907043,-0.4798400104045868,0.4640499949455261,-0.29794999957084656,0.31053000688552856,0.264490008354187,-0.5500900149345398,-0.43004000186920166,-0.4429999887943268,-0.3112800121307373,-0.04792800173163414,-0.09982199966907501,-0.17506000399589539,-0.6277899742126465,0.28863999247550964,0.016026999801397324,0.5148199796676636,-0.18264000117778778,0.10958000272512436,-0.36934998631477356,-1.05649995803833,0.5202100276947021,0.2720400094985962,-0.40303000807762146,-0.15014000236988068,1.3144999742507935,0.27480998635292053,0.5841000080108643,-0.059393998235464096,-0.17688000202178955,-0.923229992389679,0.5070300102233887,-0.02600499987602234,0.8163800239562988,0.35332000255584717,-0.960319995880127,-0.07350700348615646,0.119889996945858,0.49856001138687134,0.7569100260734558,-0.8074600100517273,0.2295999974012375,-0.15477000176906586,-0.5060200095176697,-0.6098899841308594,-0.5054600238800049,0.41012999415397644,0.6708400249481201,-0.18055999279022217,0.7557200193405151,0.5093799829483032,-0.47450000047683716,0.4988600015640259,-0.6209999918937683,-1.0118999481201172,0.22281000018119812,1.013700008392334,-0.571370005607605,-0.29387998580932617,-1.1047999858856201,-0.09680599719285965,1.0302000045776367,-0.45895999670028687,-0.5107499957084656,0.2861799895763397,-0.10155999660491943,-0.0728669986128807,-0.5571200251579285,0.5861200094223022,0.3930700123310089,-0.00891369953751564,-0.015615999698638916,-0.3544299900531769,-0.05643799901008606,-0.17291000485420227
curiosity,0.013559999875724316,0.22484999895095825,0.5075299739837646,0.034644000232219696,-0.5506799817085266,0.6697800159454346,-0.2620700001716614,-0.41644999384880066,0.7412499785423279,-0.0163199994713068,-0.1871500015258789,0.19683000445365906,0.10735999792814255,-1.2115000486373901,0.29451000690460205,0.05545499920845032,-0.6361299753189087,1.1531000137329102,-0.3413099944591522,0.4273900091648102,0.21212999522686005,0.11648000031709671,-0.43268999457359314,-0.9416800141334534,0.6700199842453003,0.46691998839378357,0.33410000801086426,0.2593100070953369,-0.11709000170230865,-0.69896000623703,-0.7539299726486206,0.1689399927854538,-0.453220009803772,0.12884999811649323,-0.5105299949645996,0.5782300233840942,-0.12691999971866608,0.27616000175476074,-0.039462000131607056,-0.6500700116157532,-0.210999995470047,-0.2238900065422058,-0.19292999804019928,-0.5731099843978882,0.18216000497341156,-0.09285099804401398,0.4064300060272217,0.388729989528656,0.5066199898719788,-0.13116000592708588,0.313510000705719,-0.4179700016975403,-0.534309983253479,0.5715199708938599,0.1581999957561493,-0.4971500039100647,-0.34167999029159546,-0.3528499901294708,0.1050499975681305,-0.5424299836158752,0.6399099826812744,0.7678499817848206,0.2515299916267395,0.19498999416828156,0.45684999227523804,0.045504000037908554,0.6545299887657166,-0.9379799962043762,0.3738200068473816,-0.006225999910384417,0.33441999554634094,0.42688998579978943,0.2566800117492676,-0.2315399944782257,-0.8166099786758423,0.9630900025367737,0.720550000667572,-0.8099300265312195,-1.1771999597549438,-0.13620999455451965,-0.2612600028514862,0.8259299993515015,0.37244999408721924,-0.14194999635219574,-0.39515000581741333,-0.1262499988079071,0.0768280029296875,0.6174399852752686,-0.27160999178886414,-0.8146299719810486,-0.43647998571395874,0.2801400125026703,0.4293400049209595,0.08602000027894974,-0.23038999736309052,0.0222609993070364,-0.5636100172996521,-1.0110000371932983,0.023504000157117844,0.661620020866394
believe,0.11221999675035477,0.5690400004386902,0.28878000378608704,-0.20021000504493713,-0.7059500217437744,-0.36708998680114746,-0.29205000400543213,-0.3347100019454956,0.41835999488830566,-0.3762100040912628,-0.003413599915802479,0.5882700085639954,0.5750899910926819,-0.21020999550819397,-0.31845998764038086,-0.3189300000667572,-0.06566700339317322,0.4584900140762329,-0.9659299850463867,0.7137399911880493,0.3764599859714508,-0.259909987449646,-0.24334999918937683,-0.6683300137519836,-0.5700600147247314,0.04096899926662445,0.2769100069999695,-0.749180018901825,0.06842099875211716,-0.12054000049829483,0.2737500071525574,0.550000011920929,-0.20913000404834747,0.08331699669361115,0.44738999009132385,-0.12838999927043915,0.09546100348234177,0.375,0.5463700294494629,-0.26506999135017395,-1.1306999921798706,0.017861999571323395,0.6079599857330322,-0.36375999450683594,-0.5340999960899353,-0.6613600254058838,0.5704299807548523,-0.2354699969291687,-0.5544800162315369,-1.2421000003814697,0.48458999395370483,0.13233999907970428,0.10349000245332718,0.7333300113677979,-0.17041000723838806,-2.0957000255584717,0.15870000422000885,-0.24496999382972717,1.1825000047683716,0.38161998987197876,-0.26458999514579773,0.5545499920845032,-0.21929000318050385,-0.40389999747276306,0.6678299903869629,0.4888499975204468,0.4898500144481659,0.581089973449707,-0.4765999913215637,-0.23930999636650085,0.47729000449180603,-0.2392899990081787,-0.08323299884796143,-0.28148001432418823,-0.22675999999046326,-0.25929999351501465,0.31279000639915466,-0.300029993057251,-0.9323300123214722,-0.08482000231742859,0.37397000193595886,0.1772499978542328,-0.9333500266075134,0.040174998342990875,-1.5556999444961548,-0.5461599826812744,-0.1003900021314621,0.14414000511169434,-0.4045099914073944,-0.2000100016593933,0.1956699937582016,-0.5308700203895569,-0.2990100085735321,-0.36607998609542847,-0.46413999795913696,-0.33032000064849854,-0.3726600110530853,-0.5445600152015686,0.09048700332641602,0.24171000719070435
hmm,-0.4564000070095062,0.5353900194168091,0.7203400135040283,-0.4547399878501892,-1.029099941253662,-0.14448000490665436,0.6984099745750427,-0.51705002784729,0.6686999797821045,0.4567500054836273,0.708840012550354,0.029183000326156616,0.058465998619794846,-0.344650000333786,0.08115900307893753,0.2052299976348877,-0.9130499958992004,0.7638499736785889,-0.11913000047206879,0.4755699932575226,-0.28064998984336853,0.8043699860572815,-0.19979999959468842,-0.2801100015640259,0.5912799835205078,0.6820499897003174,-0.09218599647283554,-0.030023999512195587,-0.04810800030827522,-0.30371999740600586,0.14119000732898712,0.0923829972743988,0.13181999325752258,-0.022410999983549118,-0.3839699923992157,0.25391000509262085,0.6142200231552124,0.39320001006126404,1.0835000276565552,-0.4460099935531616,0.44760000705718994,0.1817300021648407,-0.47565001249313354,-0.3046500086784363,-1.1324000358581543,-0.9546399712562561,0.45587998628616333,0.006432500202208757,-0.4972200095653534,-0.16832999885082245,-0.20603999495506287,0.5183699727058411,0.21348999440670013,0.10941000282764435,-0.8758400082588196,0.5553900003433228,0.8072699904441833,-0.019030999392271042,-0.5546000003814697,0.21521000564098358,-0.9179800152778625,0.6482999920845032,-0.3522399961948395,0.45100998878479004,0.6158199906349182,0.42649000883102417,0.31205999851226807,-0.0211350005120039,-0.9938300251960754,0.5028499960899353,0.5003700256347656,-0.364329993724823,0.14414000511169434,-0.22892999649047852,-0.10835999995470047,-0.4567199945449829,0.3814699947834015,-0.2894900143146515,-0.4166100025177002,-0.733519971370697,0.17037999629974365,-0.2864300012588501,0.5840499997138977,0.1286199986934662,0.24733999371528625,0.6644099950790405,0.46952998638153076,-1.0125999450683594,-0.31839999556541443,0.41029998660087585,0.448060005903244,0.432669997215271,0.47766000032424927,-0.3739500045776367,0.27838999032974243,-0.3041299879550934,0.350629985332489,-0.8367199897766113,-0.4854699969291687,0.4399000108242035
hello,0.26688000559806824,0.3963199853897095,0.6169000267982483,-0.7745100259780884,-0.1039000004529953,0.2669700086116791,0.27880001068115234,0.3099200129508972,0.005468499846756458,-0.08525600284337997,0.736020028591156,-0.09843199700117111,0.5479000210762024,-0.03030500002205372,0.3347899913787842,0.14093999564647675,-0.0070003001019358635,0.32569000124931335,0.22901999950408936,0.46557000279426575,-0.19530999660491943,0.37490999698638916,-0.7139000296592712,-0.5177500247955322,0.770389974117279,1.0880999565124512,-0.6601099967956543,-0.16234000027179718,0.911899983882904,0.21046000719070435,0.04749400168657303,1.0018999576568604,1.1132999658584595,0.7009400129318237,-0.08696000277996063,0.4757100045681,0.16359999775886536,-0.4446899890899658,0.44690001010894775,-0.9381700158119202,0.013101000338792801,0.08596400171518326,-0.674560010433197,0.4966199994087219,-0.03782700002193451,-0.11038000136613846,-0.2861199975013733,0.07460600137710571,-0.31527000665664673,-0.09377399832010269,-0.5706899762153625,0.6686499714851379,0.4530700147151947,-0.34154000878334045,-0.7166000008583069,-0.7527300119400024,0.07521200180053711,0.5790299773216248,-0.11909999698400497,-0.11378999799489975,-0.10025999695062637,0.7134100198745728,-1.1574000120162964,-0.7402600049972534,0.4045200049877167,0.1802300065755844,0.21448999643325806,0.37637999653816223,0.11238999664783478,-0.5363900065422058,-0.025092000141739845,0.3188599944114685,-0.2501299977302551,-0.632830023765564,-0.0118429996073246,1.3769999742507935,0.8601300120353699,0.20476000010967255,-0.368149995803833,-0.6887400150299072,0.5351200103759766,-0.4655599892139435,0.2738899886608124,0.41179999709129333,-0.8539999723434448,-0.04628799855709076,0.1130400002002716,-0.2732599973678589,0.15636000037193298,-0.20333999395370483,0.535860002040863,0.5978400111198425,0.6046900153160095,0.13734999299049377,0.42232000827789307,-0.6127899885177612,-0.38486000895500183,0.3584200143814087,-0.4846400022506714,0.3072800040245056
grief,0.03360600024461746,0.5160199999809265,0.17172999680042267,-0.21478000283241272,-0.6352300047874451,1.3782000541687012,-0.9072800278663635,-0.30862000584602356,0.023747000843286514,-0.24954000115394592,-0.3095499873161316,0.2749600112438202,-0.13023999333381653,0.07835700362920761,0.21622000634670258,-0.6271200180053711,-0.4672200083732605,0.35106998682022095,-0.8237299919128418,0.36869001388549805,-0.4726400077342987,0.3379800021648407,-0.562749981880188,0.022247999906539917,0.2787399888038635,0.5246000289916992,0.3233700096607208,0.9920799732208252,0.8752599954605103,-0.42388999462127686,0.23962000012397766,-0.08248800039291382,-0.3788299858570099,0.47968000173568726,-1.173200011253357,-0.25429001450538635,0.5725299715995789,0.5017200112342834,0.14379000663757324,0.03485700115561485,0.08699999749660492,-0.13896000385284424,0.0297240000218153,-0.5775499939918518,-0.10061000287532806,0.3321300148963928,0.3177799880504608,1.1576000452041626,0.38392001390457153,-0.7719600200653076,-0.1980700045824051,-0.5016000270843506,0.6920400261878967,0.9928699731826782,0.4392800033092499,-1.075600028038025,0.1791200041770935,-0.12547999620437622,0.15812000632286072,0.20896999537944794,0.7529699802398682,0.8067600131034851,0.7483000159263611,-0.7626500129699707,-0.15116000175476074,0.39893001317977905,0.29401999711990356,-0.4379099905490875,0.07939500361680984,-0.46823999285697937,-0.3673799932003021,-0.02950900048017502,-0.19337999820709229,0.02092899940907955,0.7914000153541565,1.677299976348877,0.17463000118732452,-0.38607001304626465,-0.7335399985313416,0.10796999931335449,0.17570999264717102,0.6480000019073486,0.598829984664917,0.5169500112533569,-1.114400029182434,-0.11174000054597855,-0.446399986743927,-0.058278001844882965,-1.0707999467849731,-0.39059001207351685,-0.022585000842809677,0.22583000361919403,-0.04716400057077408,0.787339985370636,0.18062999844551086,0.11286000162363052,0.6360399723052979,-0.5598000288009644,-0.23568999767303467,0.29107001423835754
miserable,-0.043577998876571655,0.3355500102043152,0.4620800018310547,-0.34828001260757446,-1.1217000484466553,0.6497399806976318,0.09821200370788574,0.7374299764633179,-0.3150100111961365,-0.1512099951505661,-0.007803400047123432,0.05679599940776825,0.24887000024318695,-0.5141000151634216,0.057305000722408295,0.11253999918699265,-0.33230000734329224,-0.2925400137901306,0.49900001287460327,0.7969200015068054,0.2889600098133087,0.6636199951171875,0.1877399981021881,0.4123699963092804,0.1517300009727478,-0.5891600251197815,-0.47422999143600464,0.04236900061368942,0.07172200083732605,-0.38705000281333923,-0.28125,-0.12128999829292297,0.14114999771118164,-0.44352999329566956,-0.44472000002861023,0.6332299709320068,-0.5910800099372864,0.1602800041437149,0.26069000363349915,-0.22585999965667725,-0.3551099896430969,0.6323999762535095,0.2805199921131134,0.16003000736236572,0.14733000099658966,0.3730100095272064,0.38249000906944275,0.30357998609542847,0.2926099896430969,-0.7770400047302246,-0.019207999110221863,-0.6758800148963928,0.09173200279474258,0.6055300235748291,0.009758600033819675,-0.9094899892807007,0.6947600245475769,0.4000599980354309,0.0428210012614727,-0.02311900071799755,-0.4519999921321869,-0.10491999983787537,-1.2071000337600708,-0.7434800267219543,0.24115000665187836,0.06435400247573853,0.7317000031471252,-0.4742000102996826,-0.6135900020599365,-0.7834600210189819,-0.22310000658035278,-0.02628299966454506,-0.17227999866008759,0.3280799984931946,0.3917500078678131,0.44207999110221863,-0.29736000299453735,0.077224001288414,0.05436199903488159,0.5064399838447571,0.28439000248908997,1.223099946975708,-0.46827998757362366,1.0098999738693237,-1.0009000301361084,-0.030060000717639923,-0.17231999337673187,-0.35152000188827515,-0.9355999827384949,0.052188001573085785,0.07733400166034698,0.45249998569488525,0.5341600179672241,0.37929001450538635,-0.38089999556541443,-0.018546000123023987,0.08219800144433975,0.5658000111579895,-0.5047000050544739,-0.1166900023818016
love,0.25975000858306885,0.5583299994468689,0.5798599720001221,-0.2136099934577942,0.130840003490448,0.9438499808311462,-0.42816999554634094,-0.3741999864578247,-0.09449899941682816,-0.4334399998188019,-0.20937000215053558,0.3470200002193451,0.08251599967479706,0.7973499894142151,0.16606000065803528,-0.268779993057251,0.5882999897003174,0.6739699840545654,-0.4996500015258789,1.4764000177383423,0.5526099801063538,0.02529500052332878,-0.16067999601364136,-0.13877999782562256,0.4868600070476532,1.1419999599456787,0.05619499832391739,-0.7330600023269653,0.8693199753761292,-0.35892000794410706,-0.5187699794769287,0.9040200114250183,0.4924899935722351,-0.14914999902248383,0.048493001610040665,0.26096001267433167,0.11351999640464783,0.4127500057220459,0.5380300283432007,-0.4494999945163727,0.08573299646377563,0.09118399769067764,0.0050177001394331455,-0.34645000100135803,-0.11057999730110168,-0.22235000133514404,-0.652899980545044,-0.05183799937367439,0.537909984588623,-0.8104000091552734,-0.1825300008058548,0.24194000661373138,0.548550009727478,0.8773099780082703,0.22165000438690186,-2.712399959564209,0.494049996137619,0.4470300078392029,0.5588200092315674,0.26076000928878784,0.23759999871253967,1.0667999982833862,-0.5697100162506104,-0.6496000289916992,0.33511000871658325,0.3460899889469147,1.1032999753952026,0.08526100218296051,0.02484700083732605,-0.4545300006866455,0.07701200246810913,0.21321000158786774,0.10444000363349915,0.06715700030326843,-0.3426100015640259,0.8553400039672852,0.13360999524593353,-0.43296000361442566,-0.5672600269317627,-0.21347999572753906,-0.3327699899673462,0.3435100018978119,0.3216400146484375,0.44527000188827515,-1.3207999467849731,-0.13269999623298645,-0.7081999778747559,-0.48471999168395996,-0.6939600110054016,-0.26080000400543213,-0.47099000215530396,-0.05749199911952019,0.0935870036482811,0.4000599980354309,-0.4341900050640106,-0.2736400067806244,-0.7701699733734131,-0.8402799963951111,-0.0015620000194758177,0.6222299933433533
sorry,-0.18783000111579895,0.2194799929857254,0.964959979057312,-0.6951299905776978,-1.3286999464035034,0.6470199823379517,-0.4617300033569336,0.36741000413894653,0.6306800246238708,-0.4285700023174286,0.7887899875640869,0.5316100120544434,-0.027267999947071075,-0.4011400043964386,-0.3995000123977661,-0.17826999723911285,-0.7018799781799316,-0.04857200011610985,-0.2579500079154968,1.2467999458312988,0.30347999930381775,0.5119699835777283,-0.5227400064468384,-0.43507999181747437,0.018133999779820442,0.5722699761390686,-0.34035998582839966,0.3195199966430664,0.9364200234413147,0.06921300292015076,0.038019999861717224,0.7039099931716919,0.5559099912643433,0.06490600109100342,-0.6208299994468689,-0.07521799951791763,-0.6077700257301331,0.5524899959564209,0.3301199972629547,-0.6246200203895569,-0.22468000650405884,0.12985000014305115,0.3905099928379059,-0.6398500204086304,-0.50968998670578,0.1991499960422516,0.608489990234375,-0.01219900045543909,-0.10907000303268433,-1.219499945640564,0.42882001399993896,0.11450999975204468,0.6072199940681458,0.14454999566078186,-0.7609099745750427,-0.812749981880188,0.5167499780654907,0.6317800283432007,0.5158399939537048,0.035266999155282974,-0.1754000037908554,0.45430999994277954,-0.8680499792098999,-0.607479989528656,0.46529000997543335,-0.3671700060367584,0.6379299759864807,0.9399099946022034,-0.6413900256156921,-0.31457000970840454,0.294050008058548,-0.14758999645709991,0.07269400358200073,-0.2804499864578247,0.5294700264930725,0.9299799799919128,0.5581099987030029,0.7339699864387512,-0.1468600034713745,0.14250999689102173,-0.5700399875640869,-0.1597999930381775,-0.1246199980378151,0.4321799874305725,-1.468500018119812,-0.3844499886035919,-0.882830023765564,-0.07129599899053574,-0.7433900237083435,-0.25270000100135803,-0.03283499926328659,0.15113000571727753,0.41310998797416687,-0.008805399760603905,0.05728200078010559,0.010262000374495983,-0.062453001737594604,-0.09070999920368195,-0.5416899919509888,-0.07290299981832504
human,0.3386400043964386,0.5966299772262573,0.5332199931144714,0.31404000520706177,0.15320999920368195,0.31749001145362854,-0.4293999969959259,-0.2915000021457672,-0.0021047000773251057,-0.39309000968933105,-0.8544099926948547,-0.08070799708366394,1.2117999792099,0.06931599974632263,0.008061300031840801,0.8788800239562988,0.031908001750707626,0.5865499973297119,-0.5489199757575989,-0.007846799679100513,0.17327000200748444,-0.2669300138950348,0.42802000045776367,0.06612300127744675,0.5184699892997742,0.7722600102424622,0.20608000457286835,-0.4583599865436554,0.35484999418258667,0.715470016002655,0.6085500121116638,0.20253999531269073,-0.4875600039958954,0.5797399878501892,0.08672799915075302,-0.5185199975967407,-0.3727400004863739,1.0013999938964844,-0.2925899922847748,0.3228999972343445,-0.975629985332489,-0.22288000583648682,-0.2333499938249588,-0.2689099907875061,0.14611999690532684,0.12003999948501587,-0.20401999354362488,-0.09464699774980545,-1.5401999950408936,-0.0595100000500679,1.0887000560760498,-0.24998000264167786,-0.25808000564575195,1.2798000574111938,-0.12849000096321106,-1.4510999917984009,-0.24685999751091003,-0.09504599869251251,1.7424999475479126,0.11976999789476395,-0.19205999374389648,0.4436799883842468,-0.16452999413013458,-0.7666299939155579,1.1100000143051147,0.46748000383377075,-0.02467299997806549,0.004717899952083826,0.6976100206375122,-0.22975000739097595,0.6438500285148621,-0.08984699845314026,0.07871100306510925,-0.04125500097870827,0.5323899984359741,-0.39945000410079956,-0.4656499922275543,-0.27601000666618347,-1.5406999588012695,0.5363900065422058,0.5051100254058838,0.9719899892807007,0.12056999653577805,0.6172000169754028,-2.142400026321411,0.6659600138664246,0.37059998512268066,0.2611500024795532,-0.13407999277114868,-0.3931899964809418,0.6306899785995483,-0.5404700040817261,0.15467000007629395,0.40615999698638916,0.10424000024795532,-0.04755200073122978,-0.8169500231742859,-1.19760000705719,0.6947500109672546,-0.19884000718593597
humor,0.12101999670267105,0.15918999910354614,0.5765100121498108,-0.6488500237464905,-0.01811400055885315,0.8170499801635742,-0.20923000574111938,-0.40130001306533813,-0.2670300006866455,0.45778000354766846,-0.6863099932670593,-0.35043999552726746,-0.1348699927330017,-0.0058997999876737595,0.44536998867988586,0.645799994468689,-0.49616000056266785,-0.3395099937915802,-0.2620700001716614,0.41947999596595764,0.8061400055885315,-0.1335200071334839,-0.6554700136184692,-1.0535000562667847,0.4553999900817871,0.7043600082397461,-0.04755999892950058,-0.041788000613451004,-0.3699299991130829,-0.44543999433517456,-0.1745699942111969,0.4670400023460388,-1.2786999940872192,-0.20360000431537628,0.2676900029182434,0.22095000743865967,-0.0724169984459877,-0.0894400030374527,-0.4184199869632721,0.3155499994754791,0.47775998711586,-0.09698300063610077,-1.0555000305175781,-0.5188199877738953,-0.506850004196167,-0.09724000096321106,0.051038000732660294,-0.31863999366760254,0.4128200113773346,-0.4914099872112274,0.11218000203371048,0.17831000685691833,0.3797599971294403,0.970009982585907,0.0734110027551651,-1.5399999618530273,0.06939200311899185,-0.296640008687973,0.07615199685096741,-0.3962799906730652,0.8527100086212158,1.0843000411987305,-0.09359800070524216,-0.8245300054550171,0.7690799832344055,-0.3208799958229065,1.847499966621399,-0.8370299935340881,0.2914400100708008,-0.14991000294685364,0.1190899983048439,0.7214599847793579,0.4255099892616272,0.38580000400543213,-0.0071183000691235065,0.7764099836349487,0.12779000401496887,0.3929600119590759,-0.4021899998188019,0.03223399817943573,-1.0377000570297241,0.26249000430107117,0.20091000199317932,-0.5995699763298035,-1.1634000539779663,0.043219998478889465,-0.12648999691009521,0.7019799947738647,0.04886399954557419,-0.387580007314682,0.09553200006484985,0.17986999452114105,0.05235999822616577,0.3846000134944916,-0.22328999638557434,0.2730099856853485,-0.15906000137329102,-1.0499999523162842,0.06500499695539474,1.389299988746643
unlikely,-0.050165001302957535,0.23079000413417816,0.6504600048065186,-0.031238000839948654,-0.1171099990606308,-0.7765799760818481,0.12830999493598938,-0.41159000992774963,0.2533000111579895,-0.29877999424934387,-0.39403000473976135,0.5261600017547607,0.0477450005710125,-0.5675399899482727,-0.22700999677181244,-0.10418999940156937,-0.2679699957370758,0.01245499961078167,0.05113999918103218,0.26524001359939575,0.48210999369621277,-0.3542500138282776,-0.007443100214004517,-0.1151600033044815,-0.25242000818252563,-0.016612999141216278,-0.19296999275684357,-0.43755000829696655,-0.11507000029087067,-0.12759999930858612,-0.08599399775266647,0.10610999912023544,-0.3250400125980377,-0.5456100106239319,0.4318299889564514,0.22575999796390533,0.03262000158429146,-0.3705199956893921,-0.3322699964046478,-0.25595998764038086,-0.2903600037097931,0.26502999663352966,0.3443799912929535,-0.4859600067138672,0.3875199854373932,-0.6106799840927124,0.8360300064086914,0.23465999960899353,-0.35920000076293945,-0.8863499760627747,0.35229000449180603,-0.37415000796318054,0.34808000922203064,0.48532000184059143,0.37595999240875244,-2.1470999717712402,-0.25196999311447144,-0.17712999880313873,0.9254000186920166,0.4317300021648407,-0.7038699984550476,0.4848000109195709,-0.14431999623775482,0.0544699989259243,0.7140600085258484,-0.019107000902295113,-0.005833799950778484,0.5127500295639038,-0.4356499910354614,-0.908270001411438,0.18622000515460968,-0.7779800295829773,-0.5630900263786316,-0.18351000547409058,0.2682900130748749,-0.46369999647140503,-0.1609099954366684,-0.40226998925209045,-0.2370299994945526,-0.09331200271844864,0.3856000006198883,-0.1076200008392334,0.03760100156068802,-0.6369799971580505,-1.061900019645691,-0.5574300289154053,0.4708999991416931,0.50941002368927,-0.19742000102996826,-0.5908499956130981,-0.07888899743556976,0.08523999899625778,-0.2756499946117401,-0.1494400054216385,-0.3805699944496155,0.09184899926185608,0.11332999914884567,-0.09640499949455261,-0.0055448999628424644,0.0255110003054142
banana,-0.3402799963951111,0.46435999870300293,-0.08332400023937225,0.2018599957227707,-0.17831000685691833,-0.46630001068115234,0.617929995059967,0.30129000544548035,0.5727999806404114,-0.34782999753952026,-0.9215999841690063,0.30483999848365784,0.30382001399993896,0.5803499817848206,0.12111999839544296,0.7728800177574158,1.1547000408172607,-0.5759999752044678,0.514710009098053,0.2155199944972992,0.21106000244617462,0.6787499785423279,1.1962000131607056,0.11141999810934067,0.5080900192260742,1.1872999668121338,0.035287998616695404,-0.889519989490509,0.042803000658750534,-0.367139995098114,0.3799299895763397,0.6194499731063843,1.0194000005722046,-0.9508399963378906,-0.007225799839943647,0.6945400238037109,0.3869200050830841,-0.18544000387191772,0.28850001096725464,-0.8127899765968323,-0.46472999453544617,-0.826229989528656,0.42778000235557556,-0.1406400054693222,0.3017300069332123,0.07441800087690353,-0.4004400074481964,0.3396899998188019,-0.6291700005531311,-0.05444899946451187,-0.7846900224685669,0.2354000061750412,-0.7835900187492371,0.7470800280570984,-0.31073999404907227,-0.07038000226020813,-0.34623000025749207,0.33849000930786133,0.8962100148200989,0.3028799891471863,0.01297799963504076,0.020868999883532524,-0.1443600058555603,-0.4091399908065796,0.16651000082492828,-0.8812400102615356,-0.07841899991035461,0.048156000673770905,0.27031999826431274,-0.8176100254058838,0.02777799963951111,0.6248700022697449,0.15489999949932098,-0.15838000178337097,0.08867499977350235,0.06341099739074707,-0.14473000168800354,-0.006681600119918585,-0.18535000085830688,1.5642000436782837,0.3725999891757965,-0.8170599937438965,-0.021685000509023666,0.912090003490448,-0.35784000158309937,-0.9838899970054626,-0.3710300028324127,-0.10909000039100647,0.18897999823093414,-0.3388400077819824,-0.05832599848508835,0.4143800139427185,-1.041100025177002,-0.42642998695373535,-0.5066400170326233,-0.7586299777030945,-0.15815000236034393,-0.18310000002384186,0.7343000173568726,-0.2685199975967407
embrace,0.13086000084877014,0.7652999758720398,0.35565000772476196,0.2789100110530853,-0.13595999777317047,0.40713998675346375,-0.6298199892044067,-0.44312000274658203,0.27222999930381775,0.06298600137233734,-0.6495599746704102,0.05097699910402298,0.01775600016117096,-0.41326001286506653,0.19627000391483307,-0.3072899878025055,0.18113000690937042,0.43998000025749207,-0.49772000312805176,0.07299400120973587,0.006577000021934509,-0.32850998640060425,-0.34442999958992004,-0.1643500030040741,0.025324000045657158,0.6627299785614014,-0.11602000147104263,-0.17293000221252441,0.7415099740028381,-0.20940999686717987,0.01837499998509884,0.9449700117111206,0.0766730010509491,0.07222100347280502,0.22567999362945557,-0.009764599613845348,0.4218299984931946,-0.41672998666763306,-0.4012799859046936,-0.022218000143766403,-0.5459499955177307,-0.26225998997688293,0.19381000101566315,0.2001200020313263,-0.7782400250434875,-0.2176000028848648,0.3809399902820587,0.6649199724197388,0.0658629983663559,-0.6405799984931946,0.19734999537467957,0.3480699956417084,0.043446000665426254,0.37852001190185547,0.3940199911594391,-1.3646999597549438,0.5431200265884399,-0.14986999332904816,0.8306400179862976,-0.5715699791908264,0.0959170013666153,0.13099999725818634,-0.13293999433517456,-0.6055399775505066,0.41767001152038574,0.004134499933570623,0.027739999815821648,0.1072700023651123,-0.3381600081920624,-0.8792399764060974,0.418830007314682,-0.2633099853992462,-0.34841999411582947,-0.7185099720954895,-0.827709972858429,-0.19066999852657318,-0.4823000133037567,-0.5088000297546387,0.14900000393390656,-0.6768100261688232,-0.03451399877667427,0.24814000725746155,0.20225000381469727,0.6070600152015686,-0.7851899862289429,0.09181699901819229,-0.22672000527381897,0.24198000133037567,-0.5458800196647644,-0.3303700089454651,0.5839099884033203,0.012664999812841415,-0.3678300082683563,-0.12984000146389008,-0.5736100077629089,-0.6004599928855896,-0.5579400062561035,-0.21478000283241272,0.3873000144958496,0.7420899868011475
hey,0.37766000628471375,0.42607998847961426,1.1579999923706055,-0.6607699990272522,-0.5628100037574768,0.40902000665664673,0.024335000663995743,0.6783499717712402,0.2098899930715561,-0.5859299898147583,0.6021699905395508,0.42906999588012695,0.022732999175786972,0.0690160021185875,0.38047999143600464,-0.2438099980354309,-0.0029963001143187284,0.14556999504566193,-0.30546000599861145,0.9656199812889099,0.3945299983024597,0.6581900119781494,-0.7038699984550476,-0.5741199851036072,-0.10561999678611755,0.6083599925041199,-0.36994001269340515,-0.5252699851989746,0.8468599915504456,0.10012000054121017,-0.4812000095844269,0.7047600150108337,1.2742999792099,0.31415000557899475,-0.4036799967288971,0.25773999094963074,-0.136680006980896,0.12839999794960022,0.7204099893569946,-0.8098000288009644,0.750249981880188,0.5028899908065796,-0.5170199871063232,-0.3214699923992157,-0.8863199949264526,-0.14357000589370728,-0.5484399795532227,-0.23611000180244446,-0.32903000712394714,-0.7855299711227417,-0.7435100078582764,0.15192000567913055,-0.2478799968957901,-0.05382499843835831,-0.6559000015258789,-1.038100004196167,0.20640000700950623,0.8849700093269348,-0.16526000201702118,0.2067600041627884,-0.16256999969482422,0.618340015411377,-1.0829999446868896,0.021580999717116356,0.5281199812889099,0.20002999901771545,0.32291001081466675,0.2467000037431717,-0.3460400104522705,-0.124269999563694,0.4209800064563751,0.24258999526500702,-0.16141000390052795,-0.7924100160598755,-0.28174999356269836,0.7987599968910217,0.9271399974822998,0.022725999355316162,0.21663999557495117,-0.03889299929141998,0.6998500227928162,-0.7787899971008301,-0.2318200021982193,-0.44238999485969543,-1.2067999839782715,-0.23062999546527863,-0.4794900119304657,-0.7315999865531921,-0.271699994802475,0.2592099905014038,0.3800300061702728,0.12933999300003052,-0.017722999677062035,0.26221001148223877,-0.004755000118166208,-0.5531200170516968,-0.12610000371932983,-0.10984999686479568,-0.354420006275177,0.38078001141548157
please,-0.9112600088119507,0.3958500027656555,1.212499976158142,-0.5141699910163879,-0.22039000689983368,1.0285999774932861,-0.8645099997520447,0.17062999308109283,0.2601499855518341,-0.27224001288414,0.5018399953842163,-0.20048999786376953,0.07352600246667862,-0.08749400079250336,-0.32934001088142395,-0.26881998777389526,-0.3456000089645386,-0.05354699864983559,-1.414199948310852,0.15567000210285187,-0.19596999883651733,-0.2265699952840805,-0.5366700291633606,-0.5127699971199036,0.35569000244140625,0.41655999422073364,-0.13154999911785126,-0.4631800055503845,1.1019999980926514,-0.055991001427173615,0.5950700044631958,0.7183099985122681,0.19619999825954437,0.2292499989271164,-0.1251000016927719,0.6027799844741821,-0.08665499836206436,-0.5810199975967407,0.6909000277519226,-0.38381001353263855,0.4186500012874603,0.36768999695777893,-1.1032999753952026,-1.5540000200271606,-0.3406899869441986,-0.11924999952316284,-0.5091999769210815,-0.8892800211906433,0.1389400064945221,-1.214400053024292,0.5534700155258179,0.8495399951934814,0.26243001222610474,-0.216279998421669,-0.015181999653577805,-0.9635300040245056,0.08232799917459488,0.28685998916625977,1.2776999473571777,-0.4087899923324585,-0.24345999956130981,0.6905999779701233,-0.8504199981689453,-0.2807300090789795,0.8878200054168701,0.07097599655389786,0.20211000740528107,0.6458699703216553,0.24650999903678894,-0.4905099868774414,-0.3686699867248535,0.09150899946689606,-0.4211300015449524,-0.8857600092887878,0.8134199976921082,0.7408699989318848,0.2783699929714203,0.11987999826669693,-0.5666999816894531,-0.8613499999046326,-0.25286999344825745,-0.5732300281524658,0.0070235999301075935,-0.6617799997329712,-1.0734000205993652,-0.11089000105857849,0.06051599979400635,0.02530200034379959,-0.06995700299739838,0.39465001225471497,-0.4941900074481964,0.3377699851989746,0.9987800121307373,-0.6406599879264832,-0.5841500163078308,-0.31356000900268555,0.5951499938964844,-0.6289700269699097,-0.6205499768257141,0.4894700050354004
emotions,0.3389599919319153,0.2006700038909912,0.5275800228118896,-0.2561500072479248,-0.25499001145362854,0.9815499782562256,-0.8236899971961975,-0.6632800102233887,-0.03382899984717369,-0.14946000277996063,-0.27876999974250793,-0.09603200107812881,0.3240300118923187,-0.2927199900150299,0.4675000011920929,0.013062000274658203,-1.1432000398635864,0.9045000076293945,-0.34205999970436096,-0.09321200102567673,0.1574299931526184,-0.35969001054763794,0.053801000118255615,-0.34560999274253845,-0.21001000702381134,0.1122099980711937,-0.00791260041296482,0.29739999771118164,0.6317999958992004,0.4551199972629547,-0.035913001745939255,0.3601599931716919,-0.28238001465797424,-0.005142599809914827,-0.36208999156951904,-0.36111000180244446,0.6672099828720093,0.6053299903869629,-0.036288000643253326,-0.24318000674247742,0.1404000073671341,-0.7894099950790405,-0.43167999386787415,-0.8463500142097473,-0.827489972114563,0.046011000871658325,0.18643000721931458,0.1764499992132187,0.5042499899864197,-0.8532900214195251,0.31158000230789185,-0.0717099979519844,0.5096499919891357,0.7788400053977966,1.037600040435791,-0.8820899724960327,0.8603600263595581,0.23119999468326569,0.44830000400543213,0.178289994597435,0.4971800148487091,1.7201999425888062,0.20396000146865845,-0.3284600079059601,0.6080300211906433,0.39844998717308044,0.8766199946403503,-0.6854900121688843,-0.063230000436306,-0.4079299867153168,0.20993000268936157,0.2273699939250946,0.3037000000476837,0.009640799835324287,0.22014999389648438,0.9691399931907654,-0.12529000639915466,-0.4583800137042999,-0.3458099961280823,0.13088999688625336,-0.05572599917650223,0.5386899709701538,-0.3453800082206726,0.4670799970626831,-1.0133999586105347,-0.3763499855995178,-0.568340003490448,0.48708999156951904,-0.48205000162124634,-0.6655200123786926,-0.9414200186729431,0.49289000034332275,-0.39754000306129456,0.35604000091552734,0.36629998683929443,0.4717699885368347,-0.4771899878978729,-0.7806500196456909,0.10474999994039536,0.6962100267410278
smile,0.7040600180625916,0.2184700071811676,0.5054299831390381,-0.3535799980163574,0.08103200048208237,0.814079999923706,-0.18907999992370605,0.3214699923992157,0.384660005569458,-0.40435999631881714,-0.48875999450683594,0.4820300042629242,0.40171000361442566,0.017125999554991722,0.89860999584198,0.4985699951648712,-0.33594998717308044,0.5641199946403503,0.31477001309394836,-0.341839998960495,-0.15915000438690186,0.6190599799156189,-1.0146000385284424,-0.6988099813461304,1.058500051498413,1.367799997329712,0.008336500264704227,0.2262600064277649,0.5618900060653687,-1.0544999837875366,-0.07898300141096115,0.7660999894142151,0.4047200083732605,-0.10531000047922134,0.21062999963760376,-0.1586800068616867,-0.29236000776290894,-0.07180199772119522,0.6807799935340881,-0.43467000126838684,0.49281999468803406,-0.39243000745773315,0.002234899904578924,-0.2071000039577484,-0.4049000144004822,0.2719399929046631,0.6113200187683105,0.329800009727478,0.5077199935913086,-0.8706799745559692,0.2162099927663803,-0.22453999519348145,0.9952999949455261,1.061900019645691,0.5078799724578857,-1.680999994277954,0.11642000079154968,0.052827998995780945,0.22660000622272491,-0.16408999264240265,0.556879997253418,1.1094000339508057,-0.8157100081443787,-0.2327899932861328,0.10506000369787216,0.17684000730514526,1.1365000009536743,0.20893999934196472,0.14037999510765076,-0.18705999851226807,0.4243299961090088,0.6029999852180481,0.06315299868583679,-1.0283000469207764,0.44060999155044556,0.536549985408783,-0.15294000506401062,-0.21728000044822693,0.6190500259399414,-0.7428100109100342,0.8541200160980225,-0.6538599729537964,0.4424999952316284,-0.268669992685318,-1.0543999671936035,-0.3983500003814697,0.13851000368595123,0.7249799966812134,-0.0922119989991188,0.3772599995136261,0.4712100028991699,-0.23999999463558197,0.19097000360488892,-0.054287999868392944,-0.334989994764328,0.21141000092029572,-0.3220199942588806,-0.004304899834096432,-0.7189499735832214,0.4681999981403351
laughter,0.7254499793052673,0.5300099849700928,0.6843000054359436,0.213919997215271,-0.26649001240730286,1.4357999563217163,-0.06072700023651123,0.22285999357700348,0.25894999504089355,-0.7135099768638611,-0.4574500024318695,-0.00917730014771223,-0.4817900061607361,0.0916920006275177,0.7614099979400635,-0.019360000267624855,-1.3592000007629395,0.3841800093650818,-0.23964999616146088,-0.5033699870109558,0.3129099905490875,-0.01858700066804886,-0.07258500158786774,-0.864359974861145,0.42114999890327454,0.9501500129699707,-0.15863999724388123,0.5828999876976013,0.7857000231742859,-0.6753000020980835,-0.1567399948835373,0.15692999958992004,-0.12354999780654907,-0.03375300019979477,-0.4844299852848053,0.02256700024008751,-0.016460999846458435,0.4696600139141083,0.030784999951720238,0.16338999569416046,0.03898800164461136,0.09325200319290161,-1.0769000053405762,-0.3275600075721741,0.44422000646591187,-0.35561999678611755,-0.37296000123023987,0.273250013589859,-0.01943800039589405,-0.8369699716567993,0.09798700362443924,-0.49639999866485596,0.6139500141143799,-1.979400076379534e-05,0.6007999777793884,-0.8032299876213074,0.2860099971294403,-0.04099399968981743,-0.12224999815225601,0.21411000192165375,0.7367200255393982,1.250599980354309,0.3926900029182434,0.10277000069618225,0.09956400096416473,-0.03087400086224079,1.1253999471664429,-0.5194900035858154,0.5122500061988831,-0.4932999908924103,0.48346999287605286,0.22980999946594238,0.37580999732017517,-0.7070500254631042,-0.006419000215828419,0.8139600157737732,-0.17332999408245087,-0.7088000178337097,-0.608680009841919,-0.14882999658584595,-0.0929810032248497,-0.8002099990844727,0.13289999961853027,-0.22698000073432922,-0.8678200244903564,0.1837099939584732,-0.37307000160217285,-0.05905099958181381,-0.41043999791145325,-0.15233999490737915,0.7201099991798401,-0.20547999441623688,-0.24946999549865723,0.8192800283432007,0.33423998951911926,-0.17733000218868256,-0.050335999578237534,0.22889000177383423,-0.15996000170707703,1.2512999773025513
cry,0.33316999673843384,0.6808500289916992,0.0718579962849617,-0.5903199911117554,-0.3474999964237213,0.8962399959564209,-0.7899699807167053,-0.2386299967765808,0.39772000908851624,-0.7689800262451172,-0.19954000413417816,0.44808000326156616,-0.3948200047016144,0.18994000554084778,0.2793000042438507,-0.030195999890565872,-0.05188700184226036,0.3737899959087372,-0.10221999883651733,0.3635599911212921,0.7512400150299072,-0.2126999944448471,-0.17031000554561615,0.041085001081228256,0.3803800046443939,0.7704899907112122,-0.6540700197219849,0.13707999885082245,1.3420000076293945,-0.08838500082492828,0.33649998903274536,-0.035422999411821365,0.6147500276565552,0.4471699893474579,-0.27549999952316284,0.33882999420166016,-0.07572299987077713,0.2581599950790405,1.0188000202178955,-0.4993300139904022,0.3714999854564667,0.4194999933242798,-0.730430006980896,-0.7692000269889832,-0.16693000495433807,-0.4772999882698059,0.3472299873828888,0.23656000196933746,-0.20307999849319458,-1.0972000360488892,-0.3089999854564667,0.042899999767541885,0.3896700143814087,0.7299699783325195,-0.13500000536441803,-1.0923000574111938,0.20015999674797058,0.23492999374866486,0.18345999717712402,-0.07411699742078781,0.44885000586509705,0.7353299856185913,-0.7036799788475037,-0.590719997882843,0.3932799994945526,0.4870699942111969,0.3689500093460083,-0.42757999897003174,-0.371289998292923,-0.23528000712394714,0.18762999773025513,-0.029069000855088234,-0.42816999554634094,-0.3176499903202057,-0.16126999258995056,0.6680799722671509,-0.38457000255584717,-0.1678999960422516,-0.2710700035095215,-0.6286600232124329,-0.1639699935913086,-0.3368400037288666,-0.06140900030732155,0.1025099977850914,-1.2827999591827393,-0.1370600014925003,-0.3128499984741211,-0.02454799972474575,-0.19214999675750732,0.33981001377105713,0.705780029296875,0.13662999868392944,-0.26965001225471497,0.5413399934768677,-0.07776399701833725,-0.08874499797821045,-0.5641099810600281,0.32249999046325684,0.056922998279333115,0.5199599862098694
coffee,0.1263200044631958,0.864139974117279,-0.4605199992656708,0.2609499990940094,0.07703299820423126,0.07618600130081177,0.7195900082588196,0.3812200129032135,-0.10287000238895416,-0.44387999176979065,-0.5296199917793274,-1.0484999418258667,-0.008608199656009674,0.7491499781608582,-0.15368999540805817,0.1338600069284439,0.2787899971008301,-0.46136999130249023,0.24354000389575958,-0.2937999963760376,0.0180440004914999,0.6308299899101257,0.7562999725341797,-0.533050000667572,-0.08760800212621689,0.6431599855422974,0.3268299996852875,-0.8060600161552429,-0.43119001388549805,-0.20886999368667603,0.042330000549554825,0.3529999852180481,0.8858699798583984,-0.19564999639987946,0.08929099887609482,1.2422000169754028,0.30059000849723816,0.11292000114917755,0.588949978351593,-1.1495000123977661,0.04608999937772751,-0.6723999977111816,0.15442000329494476,-1.0943000316619873,0.6908000111579895,0.25968998670578003,-1.080899953842163,-0.253030002117157,0.1312199980020523,-1.3414000272750854,-0.39785000681877136,0.041388001292943954,-0.46880999207496643,0.5746200084686279,-0.40331000089645386,-0.9823399782180786,-1.0115000009536743,0.44262000918388367,1.2979999780654907,-0.24297000467777252,0.10954000055789948,0.35863998532295227,-0.39146000146865845,-0.6884300112724304,-0.23691000044345856,-0.46500998735427856,0.8341599702835083,-0.6157400012016296,1.2178000211715698,-0.9807800054550171,-0.1963299959897995,0.5688599944114685,0.8427299857139587,0.08674000203609467,-0.3357999920845032,0.2477799952030182,0.2094999998807907,-0.5588300228118896,-0.8007799983024597,0.7373600006103516,0.3928599953651428,-0.329910010099411,-1.0961999893188477,0.12231999635696411,0.03502900153398514,-0.6778600215911865,-0.00460459990426898,-0.16734999418258667,-0.35969001054763794,-0.28091999888420105,0.5878000259399414,0.3662300109863281,-0.23438000679016113,-0.4897899925708771,-1.0814000368118286,-0.4334000051021576,0.037650998681783676,0.3122200071811676,0.6678299903869629,0.7770299911499023
laughed,0.49814000725746155,0.17930999398231506,0.319350004196167,-0.3243499994277954,-0.5130800008773804,0.5589100122451782,-0.25273001194000244,0.348470002412796,0.4410400092601776,-0.42195001244544983,-0.11962000280618668,0.3573800027370453,-0.189860001206398,-0.39789000153541565,0.33066999912261963,-0.39713001251220703,-1.034999966621399,0.5955100059509277,-0.7179399728775024,-0.4891799986362457,0.32082998752593994,0.7651200294494629,-0.22713999450206757,-0.14548000693321228,0.3340800106525421,0.4254299998283386,-0.6404399871826172,0.25902000069618225,0.4933600127696991,-0.0617620013654232,-0.03416600078344345,0.7283200025558472,0.3937700092792511,0.31182000041007996,0.28161999583244324,0.2828499972820282,-0.3610199987888336,0.25400999188423157,0.589709997177124,-0.22537000477313995,-0.35343998670578003,-0.07331500202417374,-0.15851999819278717,-0.15103000402450562,-0.9070900082588196,0.18100999295711517,0.14034000039100647,0.2709699869155884,-0.23518000543117523,-0.6468799710273743,0.3956100046634674,-0.37828999757766724,0.7043200135231018,0.5105299949645996,-0.6117200255393982,-0.15485000610351562,-0.2790699899196625,0.7065899968147278,-0.9628199934959412,0.5992299914360046,0.733780026435852,0.8889999985694885,-0.23054000735282898,-0.16143999993801117,-0.2463500052690506,-0.9377099871635437,0.8995000123977661,0.14486999809741974,-0.4434100091457367,1.034999966621399,0.09309899806976318,0.3138999938964844,0.7160699963569641,-0.8153200149536133,-0.40448999404907227,0.8710299730300903,-0.3448300063610077,-0.07056699693202972,0.2495100051164627,-0.10424000024795532,0.16054999828338623,-0.5821999907493591,0.2338699996471405,-0.3822700083255768,-1.2493000030517578,-0.7007099986076355,-0.5128700137138367,-0.08762600272893906,-0.5940300226211548,-0.021870000287890434,0.6380699872970581,-0.5536999702453613,-0.02483299933373928,0.07423199713230133,-0.3895699977874756,0.41519999504089355,-0.32267001271247864,0.9010999798774719,-0.2389100044965744,1.148800015449524
sarcasm,-0.008654899895191193,-0.021338000893592834,0.9255200028419495,-0.5524899959564209,-0.0880889967083931,0.6174899935722351,-0.26739001274108887,-0.5134599804878235,-0.015595000237226486,0.6633399724960327,-0.6968500018119812,0.25905999541282654,-0.24414999783039093,0.00046248998842202127,0.5003399848937988,0.044741999357938766,-0.3258099853992462,-0.7153099775314331,-0.17013999819755554,-0.30191001296043396,-0.03254299983382225,0.3124299943447113,-0.6050199866294861,-0.5065100193023682,0.5326600074768066,0.9943000078201294,0.08389600366353989,0.4790000021457672,0.0539029985666275,-0.9533900022506714,-0.26361000537872314,0.3897800147533417,-0.7185500264167786,-0.1440100073814392,-0.3458400070667267,0.19359000027179718,0.4138599932193756,-0.2508699893951416,0.14087000489234924,0.5398200154304504,0.09301500022411346,-0.1392199993133545,-0.7416200041770935,-0.3279600143432617,-0.804390013217926,0.058058999478816986,0.48157998919487,-0.5573700070381165,-0.16596999764442444,-0.48989999294281006,0.03889299929141998,0.39142999053001404,0.7155200242996216,0.8034800291061401,-0.23252999782562256,0.28227999806404114,0.2701599895954132,-0.35339999198913574,-0.5599300265312195,-0.5817400217056274,0.7446100115776062,0.6181100010871887,0.14252999424934387,0.2487500011920929,-0.020596999675035477,-0.32183000445365906,1.4156999588012695,-0.7081500291824341,-0.13955999910831451,-0.3255999982357025,-0.5881699919700623,0.2368900030851364,0.3369300067424774,-0.11364000290632248,-0.16933999955654144,0.6790800094604492,0.16990000009536743,-0.11496999859809875,-0.10734999924898148,0.1287200003862381,-0.2399200052022934,-0.6312599778175354,-0.21462999284267426,-0.030110999941825867,-0.6015700101852417,-0.05891700088977814,0.0711050033569336,0.5679900050163269,-0.26346999406814575,-0.2207999974489212,0.016289999708533287,0.09019900113344193,-0.4855000078678131,0.8100699782371521,0.2246900051832199,0.05179699882864952,-0.2388399988412857,-0.3403100073337555,-0.3096800148487091,1.190600037574768
laugh,0.518779993057251,0.4786199927330017,0.479559987783432,-0.7479199767112732,-0.6400600075721741,0.6784499883651733,-0.43797001242637634,0.1215599998831749,0.6698499917984009,-0.4612399935722351,-0.4016000032424927,0.16061000525951385,-0.33981001377105713,0.2862600088119507,0.4678800106048584,0.33184999227523804,-0.5834199786186218,0.40806999802589417,-0.13097000122070312,0.20685000717639923,0.8678299784660339,0.26906999945640564,-0.3919300138950348,-0.9746500253677368,0.3873800039291382,0.4837400019168854,-0.6258900165557861,0.6881700158119202,1.3995000123977661,-0.21367000043392181,-0.6088399887084961,0.7857199907302856,0.559689998626709,-0.5694299936294556,0.11016999930143356,0.5668100118637085,-0.1401900053024292,0.20743000507354736,0.563510000705719,-0.3785400092601776,0.49007999897003174,0.36952999234199524,-0.98089998960495,-0.5470499992370605,-0.5009499788284302,0.14587999880313873,0.268449991941452,-0.2229599952697754,-0.27713000774383545,-1.093500018119812,-0.045591000467538834,-0.3507300019264221,0.5684300065040588,0.5608199834823608,0.1445399969816208,-1.136299967765808,0.028457000851631165,0.4584600031375885,-0.194240003824234,-0.1043199971318245,0.7910799980163574,1.0015000104904175,-0.29635998606681824,-0.22032000124454498,0.18030999600887299,-0.11269000172615051,1.4565000534057617,0.046004001051187515,-0.3535799980163574,0.09239400178194046,0.18317000567913055,0.27775999903678894,0.12389999628067017,-0.6427900195121765,-0.06377500295639038,0.8082699775695801,-0.18286000192165375,-0.4528599977493286,0.13467000424861908,-0.35060998797416687,-0.09986399859189987,-0.6409000158309937,0.03942999988794327,-0.1550000011920929,-1.5621000528335571,-0.1025099977850914,-0.15360000729560852,0.36761999130249023,-0.48548001050949097,0.6010900139808655,0.5913000106811523,-0.2246199995279312,-0.1510699987411499,-0.32398998737335205,-0.10507000237703323,0.11071000248193741,-0.09553699940443039,-0.006216700188815594,0.2684899866580963,0.8120099902153015
happiness,0.34786999225616455,0.516979992389679,0.688260018825531,0.46672001481056213,0.23281000554561615,0.24939000606536865,-0.30559998750686646,-0.6677500009536743,0.3385300040245056,-0.4138000011444092,-0.2649100124835968,0.8173900246620178,0.1647000014781952,-0.020416000857949257,-0.30254998803138733,-0.3569900095462799,-0.03581099957227707,0.6056600213050842,-0.657230019569397,0.5259699821472168,-0.09668699651956558,-0.18564000725746155,-0.684719979763031,-0.31690001487731934,0.3520199954509735,0.8695700168609619,0.3621799945831299,-0.3489600121974945,0.273250013589859,-0.793749988079071,-0.41767001152038574,0.25992000102996826,-0.22308999300003052,0.3313800096511841,0.23930999636650085,0.19088000059127808,0.4387100040912628,0.9490600228309631,-0.3413600027561188,-0.7991300225257874,-0.14858999848365784,-0.0835070013999939,-0.191880002617836,-0.2769800126552582,-0.22125999629497528,-0.36107000708580017,0.13268999755382538,0.20513999462127686,-0.19949999451637268,-0.5174499750137329,-0.03429099917411804,-0.49480000138282776,0.17619000375270844,0.9104899764060974,0.2543399930000305,-1.19159996509552,0.7242199778556824,0.4808399975299835,0.2333499938249588,-0.40026000142097473,0.08895500004291534,0.4496900141239166,-0.5718700289726257,-0.913100004196167,0.2240999937057495,0.6189200282096863,0.7471299767494202,-0.9797199964523315,0.6298199892044067,-0.5452399849891663,0.14303000271320343,0.184129998087883,0.2584199905395508,-0.3679800033569336,0.5176799893379211,1.3952000141143799,0.1272599995136261,-0.9476000070571899,-0.7398200035095215,-0.0453840009868145,-0.6959800124168396,1.1689000129699707,0.4198800027370453,0.10135000199079514,-0.7904999852180481,0.1605599969625473,0.2365500032901764,-0.6464400291442871,-0.3458299934864044,-0.20215000212192535,-0.21999000012874603,-0.11761000007390976,0.4683000147342682,0.2857699990272522,-0.17051999270915985,-0.40149998664855957,0.06844799965620041,-0.4302400052547455,-0.10145000368356705,0.23104000091552734
hobbies,0.1843699961900711,0.06390199810266495,-0.07024899870157242,0.1902099996805191,0.5486900210380554,0.22415000200271606,-0.333079993724823,-0.54899001121521,0.20358000695705414,0.8589400053024292,0.2244199961423874,-0.2062000036239624,0.16489000618457794,-0.29978999495506287,-0.4948500096797943,-0.24044999480247498,0.03387000039219856,0.43786999583244324,-0.12987999618053436,1.0425000190734863,-0.5484799742698669,0.732699990272522,0.8632299900054932,-0.416159987449646,0.10569000244140625,0.060864001512527466,-0.5421900153160095,-0.4187299907207489,-0.5488200187683105,-0.10027000308036804,-0.9078599810600281,0.1260800063610077,0.21671000123023987,-0.725570023059845,-0.20350000262260437,0.750540018081665,0.11400000005960464,0.11945000290870667,-0.5445700287818909,-0.29486000537872314,0.3568800091743469,0.4216200113296509,0.32526999711990356,-0.08447299897670746,-0.7864999771118164,0.3445099890232086,-0.18425999581813812,-0.09774100035429001,0.46797001361846924,-0.9153599739074707,0.18002000451087952,0.06973200291395187,-0.6197599768638611,0.4198000133037567,0.4624600112438202,0.6953099966049194,0.8712700009346008,0.1027199998497963,-0.4735099971294403,0.4184800088405609,-0.5047600269317627,1.211300015449524,0.2292799949645996,-0.1834699958562851,0.5987399816513062,0.24297000467777252,0.5005800127983093,-0.7190700173377991,0.4715999960899353,0.10296999663114548,-0.6209700107574463,-0.2435300052165985,1.2971999645233154,-0.1554100066423416,-1.0810999870300293,0.13418999314308167,0.39906999468803406,-0.001016699941828847,-0.34264999628067017,-0.21153999865055084,-0.15109999477863312,-0.3552800118923187,1.1212999820709229,-0.6058599948883057,-0.27845001220703125,-0.32510000467300415,-0.8224300146102905,-0.1679999977350235,-0.08368100225925446,-0.31321999430656433,-1.1577999591827393,0.08197300136089325,1.7857999801635742,-0.4293699860572815,-0.7751299738883972,-0.1840600073337555,-0.4408800005912781,-0.6197900176048279,1.2122999429702759,0.5427700281143188
dreams,0.756850004196167,0.26124998927116394,0.8373799920082092,-0.17776000499725342,0.6172999739646912,0.03573799878358841,-0.23210999369621277,-0.004012399818748236,0.35447999835014343,0.0034713998902589083,0.024334000423550606,0.33924999833106995,0.12456999719142914,0.46880000829696655,-0.09944699704647064,-0.3635199964046478,-0.09581100195646286,1.1138999462127686,0.19971999526023865,0.2847299873828888,-0.44912999868392944,-0.2005700021982193,-0.10633999854326248,-0.10441000014543533,0.06836500018835068,0.6353700160980225,-0.305869996547699,-0.616599977016449,0.42396000027656555,-0.40625,-0.4993399977684021,0.14313000440597534,-0.17294000089168549,-0.29622000455856323,-0.08124800026416779,-0.47196999192237854,-0.11795999854803085,0.273499995470047,-0.030942000448703766,-0.5770000219345093,-0.0935560017824173,0.2321700006723404,-0.08199899643659592,-0.29868000745773315,0.07096000015735626,-0.17791999876499176,0.06616699695587158,0.05128899961709976,0.2390899956226349,-0.3839400112628937,-0.493149995803833,-0.2796599864959717,0.2870100140571594,1.1506999731063843,1.132200002670288,-1.617900013923645,0.5797299742698669,0.851140022277832,0.21297000348567963,0.16056999564170837,0.45633000135421753,1.551900029182434,-0.6261500120162964,-0.6215299963951111,0.19694000482559204,0.12865999341011047,0.7978600263595581,-0.11693999916315079,-0.2835400104522705,-1.018399953842163,0.13878999650478363,0.18062999844551086,-0.30900999903678894,-0.3568800091743469,-0.4363200068473816,0.13718999922275543,0.6786999702453613,-0.23024000227451324,-1.0227999687194824,-0.11878000199794769,-0.44527000188827515,1.0077999830245972,0.2190999984741211,0.3817000091075897,-0.5921900272369385,0.027149999514222145,-0.690779983997345,-0.4615899920463562,-0.42236998677253723,0.22970999777317047,-0.22511999309062958,0.5676599740982056,0.4201900064945221,0.20638999342918396,-0.8298900127410889,-0.23252999782562256,-0.5964900255203247,0.013232000172138214,0.1852799952030182,0.33465999364852905
lol,0.13841000199317932,0.3870199918746948,-0.18831999599933624,-0.541159987449646,-0.22686000168323517,0.9585300087928772,0.22228999435901642,0.1584700047969818,0.362060010433197,-0.6299600005149841,0.27955999970436096,0.14010000228881836,-0.763450026512146,0.06598199903964996,0.6619899868965149,0.02116999961435795,0.22530999779701233,0.555180013179779,-0.10744000226259232,-0.05256500095129013,-0.18782000243663788,0.5108500123023987,0.325980007648468,-0.2481600046157837,-0.12313999980688095,0.7828699946403503,0.19839000701904297,1.0166000127792358,0.7554799914360046,-0.32954999804496765,0.6416400074958801,-0.3449600040912628,0.012893999926745892,-0.20194000005722046,0.39893001317977905,0.26311999559402466,-0.046921998262405396,0.1448100060224533,0.20473000407218933,-0.34435999393463135,0.2119400054216385,0.95524001121521,-0.3026700019836426,-0.14696000516414642,-0.04271399974822998,0.32565999031066895,-0.6681600213050842,0.041763998568058014,-0.8045899868011475,0.5306900143623352,-0.35604000091552734,-0.26736000180244446,0.1452600061893463,0.134770005941391,-0.5088099837303162,0.24688999354839325,0.3864099979400635,0.4143899977207184,-1.2683000564575195,-0.32242000102996826,0.21936999261379242,-0.6118299961090088,-0.1715800017118454,-0.28975000977516174,0.08461300283670425,-0.33528000116348267,0.9131699800491333,-0.664080023765564,0.24922999739646912,0.04171599820256233,0.1934099942445755,0.006784399971365929,-0.7178500294685364,-1.1414999961853027,0.033303000032901764,0.7575399875640869,-0.010974000208079815,0.09906700253486633,0.45743000507354736,-0.06566199660301208,0.1013299971818924,-0.8383299708366394,0.2421800047159195,-0.017789000645279884,0.09418900310993195,0.30349001288414,0.24944999814033508,-0.5235900282859802,-0.10779000073671341,0.05770700052380562,0.03507699817419052,0.2654399871826172,-1.0312999486923218,0.5476499795913696,0.7631700038909912,-0.2656799852848053,-0.06622099876403809,-0.07030300050973892,-0.13933999836444855,0.5925099849700928
caffeine,-0.13282999396324158,0.2617200016975403,0.1527000069618225,-0.19683000445365906,-0.4037399888038635,0.22856999933719635,0.2755500078201294,0.6684100031852722,-0.3213599920272827,-0.30458998680114746,0.06957799941301346,-0.20337000489234924,-0.7798500061035156,0.12011999636888504,0.3113600015640259,0.6383500099182129,-0.4298200011253357,-0.6493399739265442,-0.20835000276565552,-0.48350998759269714,0.11190000176429749,-0.4154599905014038,-0.18049000203609467,0.5710800290107727,-0.8688499927520752,1.2826000452041626,0.016790000721812248,-0.31957000494003296,-0.2872900068759918,0.21230000257492065,0.4343400001525879,0.3340199887752533,-0.06726100295782089,-0.11146999895572662,-0.028886999934911728,0.40672001242637634,-0.10033000260591507,0.6990600228309631,-0.5341799855232239,0.1442600041627884,-0.006178000010550022,0.019771000370383263,-0.1262200027704239,-1.0468000173568726,0.0268350001424551,0.4374000132083893,-0.032868001610040665,-0.5869200229644775,-0.33746999502182007,-0.7564600110054016,0.20385000109672546,-0.08690900355577469,-1.0170999765396118,-0.18017999827861786,-0.044578999280929565,0.0067010000348091125,-0.6649900078773499,-0.13391999900341034,0.06913600116968155,-0.4018400013446808,0.5408200025558472,0.30434998869895935,-0.20010000467300415,-0.404339998960495,-0.04650599882006645,0.0667010024189949,1.365399956703186,-1.7477999925613403,0.9229099750518799,-0.9205700159072876,0.2094700038433075,-0.2679600119590759,1.250599980354309,0.6577900052070618,-0.8781899809837341,0.3617999851703644,0.5009899735450745,-1.4838999509811401,-0.48445001244544983,-0.18716000020503998,-0.24291999638080597,-1.1765999794006348,-1.089900016784668,0.41012999415397644,-0.5418800115585327,-0.2616899907588959,0.4577699899673462,0.3224000036716461,-0.5900899767875671,-0.25595998764038086,0.11779999732971191,0.5061100125312805,-0.4159500002861023,-0.34400999546051025,-0.249099999666214,-0.9455299973487854,0.25964000821113586,-0.5958200097084045,0.006180900149047375,0.42166000604629517
suffering,0.12992000579833984,0.6333799958229065,0.1671999990940094,0.22227999567985535,-0.5059000253677368,0.4203999936580658,-0.4163399934768677,-0.0867680013179779,0.28384000062942505,-0.46838000416755676,-0.6212400197982788,-0.08455199748277664,0.7916399836540222,-0.15080000460147858,0.12703000009059906,-0.37182000279426575,-0.6825600266456604,-0.541379988193512,-0.4778200089931488,0.4495599865913391,0.15187999606132507,-0.03968200087547302,-0.5321199893951416,0.5083000063896179,0.25185999274253845,0.45254001021385193,0.018936000764369965,-0.376800000667572,0.6797500252723694,-0.031108999624848366,0.42746999859809875,0.007931400090456009,-0.608739972114563,-0.031060000881552696,-0.5642399787902832,-0.30862998962402344,0.20999999344348907,0.589169979095459,-0.5148299932479858,0.5390899777412415,-0.646619975566864,0.7045800089836121,0.2327899932861328,-0.4698199927806854,0.5883200168609619,0.6786699891090393,0.758870005607605,0.24332000315189362,-0.32168999314308167,-0.5035399794578552,0.01140000019222498,-0.5473700165748596,0.1899999976158142,0.7917600274085999,0.5704399943351746,-1.5819000005722046,0.3412100076675415,-0.5466799736022949,0.6456400156021118,0.6889100074768066,0.25244998931884766,0.5994300246238708,-0.6532700061798096,-0.43084999918937683,0.20135000348091125,0.3173699975013733,0.3861300051212311,-0.7575500011444092,-0.2346400022506714,-0.3760699927806854,-0.3989500105381012,0.25668999552726746,-0.43898001313209534,0.6889700293540955,1.065999984741211,0.4440799951553345,-0.4447000026702881,0.48987001180648804,-0.9681699872016907,0.4659700095653534,0.9945899844169617,0.5018399953842163,-0.43230998516082764,1.0017999410629272,-1.5765999555587769,-0.4498699903488159,-0.7324699759483337,-0.007650900166481733,-1.1093000173568726,0.010316000320017338,-0.12735000252723694,-0.14815999567508698,0.7093700170516968,0.43762001395225525,-0.3470200002193451,0.34532999992370605,0.7385200262069702,-0.3610900044441223,0.43595001101493835,-0.8692899942398071
sleep,-0.11598999798297882,0.2495100051164627,0.1236800029873848,0.22826999425888062,-0.9800400137901306,0.904420018196106,-0.06643100082874298,1.007599949836731,-0.5178599953651428,-0.8972100019454956,0.06032999977469444,0.4563499987125397,-0.12329000234603882,0.6605499982833862,0.8073899745941162,-0.22171999514102936,-0.9543200135231018,0.11727999895811081,-0.17464999854564667,-0.3214400112628937,-0.039211999624967575,-0.14715999364852905,0.008500900119543076,-0.24536000192165375,-0.11315999925136566,0.3465699851512909,-0.1976899951696396,-0.9331300258636475,0.4036799967288971,0.45205000042915344,-0.21028000116348267,-0.12303999811410904,-0.34011998772621155,0.500789999961853,-0.6029700040817261,0.49643999338150024,-0.2720800042152405,0.5885800123214722,0.8588100075721741,-0.3381899893283844,-0.32651999592781067,0.29934999346733093,-0.4910700023174286,-0.3902199864387512,-0.25044000148773193,-0.29197999835014343,-0.5729799866676331,0.42765000462532043,-0.1970899999141693,-1.0253000259399414,-0.3485200107097626,-0.7716500163078308,-0.09900400042533875,0.5882200002670288,1.0587999820709229,-1.469499945640564,0.5368800163269043,0.29930999875068665,0.8228099942207336,0.3757700026035309,0.2720099985599518,1.1363999843597412,-0.20126000046730042,-0.8268300294876099,0.3185499906539917,0.9186000227928162,0.6679700016975403,-1.0363999605178833,0.3947699964046478,-0.2992599904537201,-0.6172400116920471,-0.41690000891685486,0.854960024356842,-0.01705699972808361,-0.17720000445842743,0.22447000443935394,-0.10752999782562256,-0.5736700296401978,0.07241000235080719,0.1306000053882599,-0.09726200252771378,0.08923599869012833,-0.7865099906921387,0.8468899726867676,-1.5808000564575195,0.41703999042510986,0.5406500101089478,0.11574000120162964,-1.197100043296814,0.5748900175094604,0.5226500034332275,-0.4517599940299988,1.0528000593185425,0.12060000002384186,0.06294099986553192,0.20399999618530273,0.4663800001144409,-0.15942999720573425,0.43351998925209045,-0.19393999874591827
emotion,0.23169000446796417,0.21517999470233917,0.6570500135421753,-0.18467000126838684,0.05883900076150894,0.9004700183868408,-0.5054299831390381,-0.5573999881744385,0.17083999514579773,-0.14553000032901764,-0.3452099859714508,0.1975799947977066,-0.45475998520851135,-0.5793499946594238,0.5156700015068054,0.17278000712394714,-0.7808300256729126,0.9451000094413757,-0.07339800149202347,0.02556999959051609,-0.16493000090122223,-0.25679001212120056,-0.29662999510765076,-0.7332299947738647,0.47808998823165894,0.29754000902175903,0.4446200132369995,0.4728800058364868,0.7199199795722961,-0.06580399721860886,0.020385999232530594,0.1885800063610077,-0.5024799704551697,0.133650004863739,-0.5428000092506409,-0.5876200199127197,0.3406200110912323,0.634909987449646,0.1041800007224083,0.09389200061559677,0.2590999901294708,-0.9500399827957153,-0.01435600034892559,-0.20803000032901764,-0.6469399929046631,-0.063571996986866,0.7692199945449829,0.07891900092363358,0.1084199994802475,-1.0500999689102173,0.25828999280929565,-0.20128999650478363,0.933210015296936,0.7590100169181824,0.4555499851703644,-0.7702000141143799,-0.11262000352144241,0.13672000169754028,0.5446799993515015,0.2200399935245514,0.5125799775123596,0.9316099882125854,-0.2826400101184845,-0.4163700044155121,0.062950998544693,0.23232999444007874,0.9947400093078613,-0.6581799983978271,-0.2176699936389923,0.0124080004170537,0.016311999410390854,0.10598000138998032,0.8524799942970276,-0.21877999603748322,0.4909000098705292,1.0916999578475952,0.08483599871397018,-0.7827699780464172,-0.18612000346183777,-0.0820230022072792,-0.16500000655651093,0.1649399995803833,-0.3541800081729889,0.2962599992752075,-1.2201000452041626,0.14464999735355377,-0.43632999062538147,0.4534499943256378,-0.5245299935340881,-0.6372699737548828,-0.0537789985537529,-0.3861199915409088,-0.5503799915313721,0.8443899750709534,0.7234399914741516,0.39458999037742615,-0.368010014295578,-0.9114699959754944,0.2010899931192398,0.7590399980545044
fingerprints,0.2102299928665161,-0.25040000677108765,0.42899999022483826,-0.6839200258255005,0.47986000776290894,0.3352299928665161,0.03962500020861626,0.4432600140571594,-0.03560499846935272,0.7057200074195862,0.08048299700021744,0.0582129992544651,0.3722200095653534,0.7118099927902222,0.9103800058364868,1.2009999752044678,0.9068599939346313,0.6019499897956848,0.4338099956512451,0.10892999917268753,-0.30386999249458313,-0.2875100076198578,0.056696999818086624,0.005764800123870373,0.06763999909162521,-0.27557000517845154,0.7884200215339661,-0.7913399934768677,-0.3150799870491028,-1.0018999576568604,1.264299988746643,-0.46307000517845154,-0.7081599831581116,1.3406000137329102,0.21285000443458557,-1.054900050163269,-0.145019993185997,-0.025320999324321747,0.38756000995635986,-0.07895799726247787,-0.09912200272083282,-0.2693699896335602,0.27730000019073486,0.23183999955654144,-1.0393999814987183,0.18953000009059906,0.2800999879837036,0.33702000975608826,-0.04163600131869316,-0.29333001375198364,0.5369799733161926,0.3998900055885315,0.24172000586986542,0.7524600028991699,0.14116999506950378,0.3459300100803375,-0.44815999269485474,-0.20685000717639923,0.4378400146961212,0.20272000133991241,-0.23237000405788422,1.603600025177002,0.05023200064897537,0.10813000053167343,0.26260998845100403,0.5889999866485596,0.3492499887943268,0.6293200254440308,-0.09237600117921829,-0.2175000011920929,-0.8946200013160706,0.32262998819351196,0.8293600082397461,-0.5930500030517578,0.8424100279808044,0.1701200008392334,0.06962700188159943,-0.3750399947166443,-0.8244799971580505,-0.36765000224113464,1.0943000316619873,0.06094000115990639,-0.0208320003002882,-0.1676200032234192,-0.5350800156593323,-0.36952000856399536,0.9223899841308594,0.4912300109863281,-0.8023499846458435,0.7220500111579895,-0.5684099793434143,0.18982000648975372,0.8018500208854675,-0.47822999954223633,0.36493998765945435,-0.392659991979599,-0.16438999772071838,-0.48148998618125916,-0.2874000072479248,-0.16646000742912292
regret,-0.1479099988937378,-0.007166299968957901,0.47473999857902527,0.42607998847961426,-0.9368100166320801,0.317330002784729,-0.9086199998855591,-0.013571999967098236,0.7400699853897095,-0.04158100113272667,-0.40119001269340515,0.5909500122070312,0.24199000000953674,0.036263998597860336,-0.4009999930858612,-0.1218700036406517,-0.9265000224113464,0.08404500037431717,-0.9281799793243408,0.6919000148773193,0.18678000569343567,0.6034600138664246,-1.0957000255584717,-0.1627500057220459,-0.10925000160932541,0.8616099953651428,0.2680000066757202,0.9522899985313416,1.6330000162124634,-0.12212000042200089,0.048360999673604965,0.6476399898529053,-0.548740029335022,0.07839299738407135,-0.8021799921989441,0.13061000406742096,0.4066599905490875,0.41958001255989075,-0.25012001395225525,-0.263590008020401,-0.5625,0.2568199932575226,0.6588199734687805,-0.2004300057888031,-0.14090999960899353,0.24759000539779663,0.9667099714279175,-0.14180000126361847,-0.24457000195980072,-1.232200026512146,0.8813300132751465,-0.20556999742984772,0.38550999760627747,0.3264400064945221,-0.38815999031066895,-0.8240299820899963,0.463019996881485,-0.13672000169754028,0.5785199999809265,0.055817000567913055,-0.1262200027704239,0.32168999314308167,-0.1849299967288971,-0.1599999964237213,0.2628900110721588,-0.21526999771595,0.4338800013065338,0.5657299757003784,-0.8378199934959412,-0.4006200134754181,0.18526999652385712,-0.15542000532150269,-0.08318699896335602,-0.7108299732208252,0.2725200057029724,1.5433000326156616,0.26954999566078186,0.4579299986362457,-1.0176000595092773,0.5311400294303894,-0.6050400137901306,-0.222680002450943,0.548259973526001,0.30546000599861145,-1.077299952507019,-0.5989099740982056,-0.2542800009250641,0.038081999868154526,-0.6196500062942505,-0.26530998945236206,-0.43042001128196716,0.037620000541210175,-0.3633100092411041,0.4968799948692322,-0.0719980001449585,0.5148100256919861,-0.23872999846935272,-0.7039999961853027,-0.3296400010585785,0.22098000347614288
imagination,0.3213300108909607,0.15729999542236328,0.8681399822235107,0.1838199943304062,0.4049299955368042,0.5116699934005737,-0.36173999309539795,-0.37876999378204346,0.07801099866628647,-0.025126999244093895,-0.13811999559402466,0.031950999051332474,-0.2380100041627884,-0.7052000164985657,0.0007903500227257609,0.41370999813079834,-0.43011999130249023,1.6578999757766724,-0.304390013217926,0.4079200029373169,-0.12110999971628189,-0.29291999340057373,0.033546000719070435,-1.2315000295639038,0.2771399915218353,0.4673599898815155,-0.16829000413417816,-0.06582999974489212,0.39131999015808105,-0.39263999462127686,-0.1732099950313568,0.24331000447273254,-0.3787800073623657,-0.37165001034736633,-0.3262999951839447,-0.18796999752521515,-0.41207998991012573,0.796019971370697,0.06066900119185448,-0.3584499955177307,0.1323300004005432,0.07270099967718124,-0.5292900204658508,0.20798000693321228,-0.14861999452114105,-0.44944998621940613,0.7918699979782104,-0.381630003452301,0.6306300163269043,0.22250999510288239,-0.32919999957084656,0.13742999732494354,-0.07775299996137619,0.9274399876594543,0.6234300136566162,-0.9642999768257141,-0.08709199726581573,0.25749000906944275,0.42965999245643616,-0.616379976272583,0.9076700210571289,1.4105000495910645,-0.21981999278068542,-0.1954299956560135,0.829509973526001,0.07239600270986557,0.4947800040245056,-0.9226199984550476,0.28422999382019043,-0.3779999911785126,0.231330007314682,0.25297999382019043,0.04142700135707855,-0.394569993019104,-0.11862000077962875,0.0907519981265068,-0.024981999769806862,-0.18004000186920166,-0.8901699781417847,-0.15029999613761902,-0.14746999740600586,0.7838500142097473,-0.5748500227928162,-0.009986200369894505,-0.599399983882904,0.4067800045013428,-0.1063700020313263,0.6199300289154053,0.01608400046825409,-0.3672400116920471,0.22370000183582306,0.09333900362253189,0.4797700047492981,-0.10767000168561935,-0.06202999874949455,0.0567610003054142,-0.4355500042438507,-0.9790999889373779,-0.17709000408649445,0.9207199811935425
i,-0.046539001166820526,0.6196600198745728,0.5664700269699097,-0.46584001183509827,-1.1890000104904175,0.4459899961948395,0.06603500247001648,0.3190999925136566,0.14678999781608582,-0.22119000554084778,0.792389988899231,0.2990500032901764,0.1607300043106079,0.025324000045657158,0.18678000569343567,-0.31000998616218567,-0.2810800075531006,0.6051499843597412,-1.0654000043869019,0.5247600078582764,0.06415200233459473,1.0357999801635742,-0.40779000520706177,-0.3801099956035614,0.3080100119113922,0.5996400117874146,-0.2699100077152252,-0.7603499889373779,0.9422199726104736,-0.46919000148773193,-0.18277999758720398,0.9065200090408325,0.7967100143432617,0.24824999272823334,0.2571299970149994,0.623199999332428,-0.4476799964904785,0.6535699963569641,0.7690200209617615,-0.5122900009155273,-0.44332998991012573,-0.21866999566555023,0.38370001316070557,-1.148300051689148,-0.9439799785614014,-0.1506199985742569,0.3001199960708618,-0.57805997133255,0.2017499953508377,-1.65910005569458,-0.07919500023126602,0.026422999799251556,0.22051000595092773,0.9971399903297424,-0.5753899812698364,-2.726599931716919,0.3144800066947937,0.7052199840545654,1.438099980354309,0.9912599921226501,0.13976000249385834,1.3473999500274658,-1.1753000020980835,0.00395030016079545,1.0298000574111938,0.06463699787855148,0.9088699817657471,0.828719973564148,-0.4700300097465515,-0.10575000196695328,0.5916000008583069,-0.4221000075340271,0.5733100175857544,-0.5411400198936462,0.10768000036478043,0.3978399932384491,-0.04874400049448013,0.06459599733352661,-0.6143699884414673,-0.28600001335144043,0.5066999793052673,-0.49757999181747437,-0.8156999945640564,0.16407999396324158,-1.9630000591278076,-0.2669300138950348,-0.3759300112724304,-0.9584699869155884,-0.8583999872207642,-0.7157700061798096,-0.32343000173568726,-0.4312100112438202,0.41391998529434204,0.28374001383781433,-0.709309995174408,0.1500300019979477,-0.21539999544620514,-0.37615999579429626,-0.03250199928879738,0.8062000274658203
imperfections,0.025275999680161476,0.041092000901699066,0.7193300127983093,-0.1813499927520752,-0.4234499931335449,0.00215300009585917,-0.11723999679088593,0.15431000292301178,0.37834998965263367,0.15625,-0.00711800018325448,0.09286600351333618,0.40779000520706177,0.05158400163054466,0.2468000054359436,0.45532000064849854,-0.0938350036740303,0.814079999923706,0.6324700117111206,0.09493999928236008,-0.5133799910545349,-0.22157999873161316,0.13499000668525696,0.21457000076770782,0.3052600026130676,-0.04248800128698349,-0.015796000137925148,-0.30305999517440796,0.3228900134563446,-0.4264799952507019,0.4879800081253052,-0.5975499749183655,0.15008999407291412,-0.011367999948561192,0.12003999948501587,-0.21038000285625458,0.4593000113964081,-0.00930160004645586,-0.26118001341819763,-0.589900016784668,-0.308569997549057,-0.14417000114917755,-0.12547999620437622,-0.044961001724004745,-0.7401900291442871,0.21630999445915222,0.8516899943351746,0.40494999289512634,-0.3833000063896179,0.20542000234127045,0.5984799861907959,0.0020322001073509455,-0.159620001912117,0.38245001435279846,0.2859500050544739,0.21573999524116516,0.6183099746704102,0.08661100268363953,-0.5014700293540955,-0.10768000036478043,-0.3233799934387207,0.35378000140190125,-0.43055999279022217,1.1196000576019287,0.11928000301122665,-0.14903999865055084,0.6023799777030945,-0.8579699993133545,0.13321000337600708,-0.9019500017166138,-0.29221001267433167,0.4781000018119812,0.17558999359607697,-0.6228500008583069,0.26061999797821045,-0.6035500168800354,0.021947000175714493,0.023005999624729156,0.24010999500751495,0.642989993095398,-0.06074199825525284,-0.26155999302864075,0.4073300063610077,0.6925399899482727,-0.4551500082015991,-0.4150800108909607,0.24094000458717346,0.22614000737667084,-0.756089985370636,0.06040000170469284,-0.5760200023651123,0.2831999957561493,0.005278300028294325,-0.20659999549388885,-0.012218000367283821,0.16095000505447388,-0.24276000261306763,-0.7983300089836121,0.2638300061225891,0.7903000116348267
i'd,0.0,0.0,0.0,0.0,0.0,0.0,0.0,0.0,0.0,0.0,0.0,0.0,0.0,0.0,0.0,0.0,0.0,0.0,0.0,0.0,0.0,0.0,0.0,0.0,0.0,0.0,0.0,0.0,0.0,0.0,0.0,0.0,0.0,0.0,0.0,0.0,0.0,0.0,0.0,0.0,0.0,0.0,0.0,0.0,0.0,0.0,0.0,0.0,0.0,0.0,0.0,0.0,0.0,0.0,0.0,0.0,0.0,0.0,0.0,0.0,0.0,0.0,0.0,0.0,0.0,0.0,0.0,0.0,0.0,0.0,0.0,0.0,0.0,0.0,0.0,0.0,0.0,0.0,0.0,0.0,0.0,0.0,0.0,0.0,0.0,0.0,0.0,0.0,0.0,0.0,0.0,0.0,0.0,0.0,0.0,0.0,0.0,0.0,0.0,0.0
understanding,0.5234299898147583,0.37373000383377075,0.4537700116634369,1.4704999923706055,0.22989000380039215,-0.4446899890899658,-0.1775200068950653,-1.0327999591827393,0.031046999618411064,0.1523600071668625,-0.6094800233840942,-0.5450999736785889,0.643280029296875,-0.026319999247789383,0.7465100288391113,-0.26162999868392944,0.0634780004620552,-0.008218600414693356,-0.7236400246620178,0.13391000032424927,-0.6651399731636047,-0.4912000000476837,-0.32409000396728516,-0.5636100172996521,0.19787000119686127,0.11242000013589859,0.40803998708724976,-0.18859000504016876,-0.006159400101751089,-0.02105100080370903,-0.6659600138664246,0.7415400147438049,-0.06561899930238724,-0.2945699989795685,-0.2749199867248535,-0.4094099998474121,0.35910001397132874,0.5720599889755249,-0.2932699918746948,0.12014000117778778,-0.5684199929237366,0.032954998314380646,0.15579000115394592,-0.14472000300884247,-0.9597799777984619,0.17903999984264374,0.12886999547481537,0.1510400027036667,-0.14287999272346497,-0.8399400115013123,0.4604400098323822,-0.012256000190973282,0.18150000274181366,0.8570299744606018,0.03473899886012077,-1.4880000352859497,0.7948499917984009,-0.7083100080490112,1.2878999710083008,0.2405100017786026,-0.24018000066280365,0.6613699793815613,-0.7054600119590759,-0.7802900075912476,0.4719200134277344,0.5745700001716614,-0.3644999861717224,0.4369699954986572,0.28095000982284546,-0.7153900265693665,0.6118199825286865,0.2701900005340576,0.6051899790763855,-1.2230000495910645,0.10014999657869339,0.6660400032997131,-0.06640800088644028,-0.35082998871803284,-1.019700050354004,0.1264200061559677,-0.015176000073552132,0.92153000831604,-0.15567000210285187,0.022059999406337738,-1.339400053024292,0.8153200149536133,-0.24932999908924103,-0.028366999700665474,-0.8178600072860718,-0.17315000295639038,0.0576619990170002,-0.0017007000278681517,-0.4937100112438202,0.08096200227737427,0.23777000606060028,0.359470009803772,-0.5452499985694885,-1.3162000179290771,0.09888499975204468,1.0799000263214111
